Year,Date_of_capture,Pass,Latitude,Longitude,Depth_m,Region,SEX,Length,Length_manual,Length_manual_2,Wt_kg,Age,Certainty,Biological_maturity,Functional_maturity,Prop_atresia,Oocyte_1,Oocyte_2,Oocyte_3,Oocyte_4_1,Oocyte_4_2,Oocyte_5,Oocyte_6,Oocyte_7,Oocyte_8,Oocyte_9,Oocyte_10,POFs,Spawning,Spent,SLIDE_IDENTIFIER,highest_o_stage,Max_mat_stage
2014,6/7/2014,1,45.23380479,-124.4676537,407.5,1,f,38,37,38,1,,1,1,1,0.25,Y,Y,Y,N,N,N,N,N,N,N,N,Y,0,1,6792,11,7
2016,6/18/2016 15:18,1,40.87102791,-124.5390167,523.4,1,F,37.5,37,37,0.88,,1,1,0,0.75,Y,Y,Y,Y,Y,N,N,N,N,N,N,Y,0,0,8106023,4.2,3
2012,8/19/2012,2,45.33048125,-124.72884,522.8,1,f,37,37,37,0.88,76,1,1,1,0.05,Y,Y,Y,Y,Y,Y,Y,N,N,N,N,N,0,0,2877,6,4
2016,5/22/2016 12:36,1,45.60301612,-124.5958263,374.7,1,F,36.5,37,37,0.74,,1,1,1,0.01,Y,Y,Y,N,N,Y,Y,N,N,N,N,N,0,0,20007015,6,4
2012,8/19/2012,2,45.33048125,-124.72884,522.8,1,f,36,36,36,0.84,70,1,1,1,0.05,Y,Y,Y,Y,Y,Y,N,N,N,N,N,N,0,0,2912,5,4
2013,5/25/2013,1,45.38069512,-124.6728558,434.1,1,f,36,36,36,0.92,,1,1,1,0.05,Y,Y,Y,N,N,N,N,N,N,Y,Y,Y,1,0,3457,10,6
2014,6/6/2014,1,45.19556213,-124.5513136,412.4,1,f,36,36,36,0.74,,1,1,1,0.05,Y,Y,Y,N,N,N,N,N,N,N,N,Y,0,1,8362,11,7
2014,9/8/2014,2,45.20081512,-124.4957668,401.7,1,f,36,36,36,0.72,,0,1,0,0.15,Y,Y,Y,Y,N,N,N,N,N,N,N,N,0,0,8780,4.1,3
2016,7/14/2016 10:56,1,33.14705098,-120.3486287,530.4,2,F,36,36,36,0.82,,1,1,1,0.05,Y,Y,Y,N,N,Y,Y,N,N,N,N,N,0,0,20181059,6,4
2016,7/14/2016 10:56,1,33.14705098,-120.3486287,530.4,2,F,36,36,36,0.7,,1,1,1,0.02,Y,Y,Y,Y,Y,Y,N,N,N,N,N,N,0,0,20181061,5,4
2016,7/1/2016 6:25,1,36.07681358,-121.6938849,573.9,2,F,36,36,36,0.72,,1,1,1,0.01,Y,Y,Y,N,N,Y,Y,N,N,N,N,N,0,0,20131109,6,4
2016,7/14/2016 10:56,1,33.14705098,-120.3486287,530.4,2,F,35.5,35.5,35.5,0.76,,1,1,1,0.01,Y,Y,Y,N,N,Y,Y,N,N,N,N,N,0,0,20181060,6,4
2012,10/1/2012,2,35.56244346,-121.4002338,544.6,2,f,35,35,35,0.58,40,1,1,1,0.01,Y,Y,Y,N,N,N,Y,Y,N,N,N,N,0,0,2822,7,5
2012,9/14/2012,2,41.96435366,-124.61787,453.2,1,f,35,35,35,0.7,65,1,1,1,0.2,Y,Y,Y,N,N,N,N,N,N,N,N,Y,0,1,2830,11,7
2014,7/6/2014,1,35.12671646,-121.5266986,557.9,2,f,35,35,35,0.76,,1,1,1,0.01,Y,Y,Y,N,N,Y,Y,N,N,N,N,N,0,0,6855,6,4
2014,7/6/2014,1,35.12671646,-121.5266986,557.9,2,f,35,35,35,0.62,,0,0,0,0.3,Y,Y,Y,N,N,N,N,N,N,N,N,N,0,0,6985,3,2
2015,7/6/2015 0:00,1,34.67771364,-121.0956455,611.88,2,f,35,35,35,0.7,,1,1,1,0.01,Y,Y,Y,N,N,Y,Y,N,N,N,N,N,0,0,11050,6,4
2015,7/2/2015 0:00,1,36.17614368,-121.8047437,453.2,2,f,35,35,35,0.64,,1,1,1,0.05,Y,Y,Y,N,N,N,N,N,N,N,N,Y,0,1,11319,11,7
2012,9/17/2012,2,40.91514568,-124.4734278,385.4,1,f,34,34,34,0.62,45,1,1,1,0.2,Y,Y,Y,Y,Y,N,N,N,N,N,N,N,0,0,2403,4.2,3
2012,7/3/2012,1,35.02146115,-121.1356959,551.2,2,f,34,34,34,0.6,86,1,1,1,0.02,Y,Y,Y,Y,Y,Y,Y,N,N,N,N,N,0,0,2738,6,4
2012,9/27/2012,2,37.37311129,-122.9307562,548.8,2,f,34,34,34,0.68,43,1,1,1,0.01,Y,Y,N,N,N,N,Y,Y,N,N,N,N,0,0,2348,7,5
2012,5/28/2012,1,46.08653052,-124.8224701,452,1,f,34,34,34,0.64,41,1,1,1,0.2,Y,Y,Y,N,N,N,Y,N,N,N,N,Y,0,1,2272,11,7
2012,9/6/2012,2,43.48659456,-124.7258057,505.2,1,f,34,34,34,0.68,29,0,1,0,0.6,Y,Y,Y,Y,N,N,N,N,N,N,N,Y,0,0,2826,4.1,3
2013,6/12/2013,1,43.41282423,-124.7181235,450.8,1,f,34,34,34,0.7,,1,1,1,0.02,Y,Y,Y,N,N,Y,Y,Y,N,N,N,N,0,0,6141,7,5
2013,6/7/2013,1,44.90339318,-124.6936032,383.2,1,f,34,34,34,0.68,,1,1,1,0.15,Y,Y,Y,N,N,N,N,N,N,N,N,Y,0,1,3039,11,7
2013,9/14/2013,2,41.26533406,-124.4543834,500.6,1,f,34,34,34,0.58,,0,1,0,0.3,Y,Y,Y,Y,N,N,N,N,N,N,N,N,0,0,6462,4.1,3
2014,9/8/2014,2,45.20081512,-124.4957668,401.7,1,f,34,34,34,0.7,,1,1,1,0.05,Y,Y,Y,Y,Y,Y,N,N,N,N,N,Y,0,0,8768,5,4
2014,9/9/2014,2,43.8193775,-124.7097167,406,1,f,34,34,34,0.66,,0,1,0,0.3,Y,Y,Y,Y,N,N,N,N,N,N,N,N,0,0,6702,4.1,3
2014,7/6/2014,1,35.12671646,-121.5266986,557.9,2,f,34,34,34,0.62,,0,0,0,0.4,Y,Y,Y,N,N,N,N,N,N,N,N,N,0,0,6990,3,2
2015,10/2/2015 0:00,2,35.11738303,-121.2456381,599,2,f,34,34,34,0.64,,1,1,1,0.05,Y,Y,Y,N,N,Y,Y,Y,N,N,N,N,0,0,11413,7,5
2015,7/6/2015 0:00,1,34.67771364,-121.0956455,611.88,2,f,34,34,34,0.56,,1,1,1,0.01,Y,Y,Y,Y,Y,Y,Y,N,N,N,N,N,0,0,11020,6,4
2015,7/6/2015 0:00,1,34.33300832,-120.680662,563.78,2,f,34,34,34,0.54,,1,1,1,0.01,Y,Y,Y,N,N,Y,Y,N,N,N,N,N,0,0,11688,6,4
2015,9/19/2015 0:00,2,40.14683707,-124.440584,521.45,2,f,34,34,34,0.58,,1,1,1,0.1,Y,Y,Y,Y,N,N,N,N,N,N,N,Y,0,1,12056,11,7
2015,8/23/2015 0:00,2,45.14586059,-124.6176954,421.25,1,f,34,34,34,0.68,,1,1,1,0.01,Y,Y,Y,N,N,N,N,N,N,N,N,Y,0,1,11778,11,7
2012,8/19/2012,2,45.33048125,-124.72884,522.8,1,f,33,33,33,0.6,33,1,1,1,0.05,Y,Y,Y,Y,Y,Y,N,N,N,N,N,N,0,0,2916,5,4
2012,7/5/2012,1,34.7284353,-121.1789127,544.7,2,f,33,33,33,0.56,80,1,1,1,0.01,Y,Y,Y,N,N,Y,Y,N,N,N,N,N,0,0,2848,6,4
2012,7/5/2012,1,34.7284353,-121.1789127,544.7,2,f,33,33,33,0.58,51,1,1,1,0.01,Y,Y,N,N,N,Y,Y,Y,N,N,N,N,0,0,2847,7,5
2012,9/6/2012,2,43.58712672,-124.6801944,434.9,1,f,33,33,33,0.54,23,1,1,1,0.2,Y,Y,Y,N,N,N,Y,N,N,N,N,Y,0,1,2972,11,7
2013,8/28/2013,2,48.20645735,-125.7886603,529.9,1,f,33,33,33,0.64,,1,1,1,0.02,Y,Y,Y,Y,Y,Y,Y,N,N,N,N,N,0,0,6420,6,4
2013,6/26/2013,1,38.97314382,-124.0237486,534.9,2,f,33,33,33,0.58,,1,1,1,0.02,Y,Y,Y,Y,Y,Y,Y,N,N,N,N,N,0,0,6108,6,4
2013,7/3/2013,1,36.94066029,-122.4884016,525.6,2,f,33,33,33,0.56,,1,1,1,0.02,Y,Y,Y,Y,Y,Y,N,N,N,N,N,N,0,0,6079,5,4
2013,7/3/2013,1,36.94066029,-122.4884016,525.6,2,f,33,33,33,0.56,,1,1,1,0.01,Y,Y,Y,Y,Y,Y,Y,N,N,N,N,N,0,0,6074,6,4
2013,7/6/2013,1,35.44742011,-121.2031531,349.6,2,f,33,33,33,0.68,,1,1,1,0.2,Y,Y,Y,N,N,N,N,N,N,N,N,Y,0,1,6017,11,7
2013,6/2/2013,1,45.12692383,-124.4828616,366.9,1,f,33,33,33,0.6,,1,1,1,0,N,N,N,Y,N,N,N,N,N,Y,Y,N,1,0,3034,10,6
2013,9/14/2013,2,41.26533406,-124.4543834,500.6,1,f,33,33,33,0.58,,0,0,0,0.5,Y,Y,Y,N,N,N,N,N,N,N,N,N,0,0,6465,3,2
2014,9/26/2014,2,36.54976083,-122.0347192,515.1,2,f,33,33,33,0.56,,1,1,1,0.01,Y,Y,Y,Y,Y,Y,N,N,N,N,N,N,0,0,6817,5,4
2014,9/8/2014,2,45.20081512,-124.4957668,401.7,1,f,33,33,33,0.56,,1,1,1,,Y,Y,Y,Y,Y,Y,Y,N,N,N,N,N,0,0,8784,6,4
2014,5/26/2014,1,47.26925894,-125.0429738,634,1,f,33,33,33,0.58,,1,1,1,0.05,Y,Y,Y,N,N,N,N,N,N,N,N,Y,0,1,8344,11,7
2015,7/6/2015 0:00,1,34.33300832,-120.680662,563.78,2,f,33,33,33,0.64,,1,1,1,0.05,Y,Y,Y,N,N,Y,Y,N,N,N,N,N,0,0,11668,6,4
2015,7/5/2015 0:00,1,34.76335583,-121.29039,552.5,2,f,33,33,33,0.58,,0,1,1,0.1,Y,Y,Y,N,N,N,N,N,N,N,N,Y,0,0,11167,3,2
2015,6/1/2015 0:00,1,45.24637707,-124.7201531,522.24,1,f,33,33,33,0.58,,1,1,1,0.02,Y,Y,Y,N,N,N,N,N,N,N,N,Y,0,1,11191,11,7
2015,7/2/2015 0:00,1,36.17614368,-121.8047437,453.2,2,f,33,33,33,0.5,,0,0,0,0.3,Y,Y,Y,N,N,N,N,N,N,N,N,N,0,0,11298,3,2
2016,6/21/2016 15:38,1,39.03949343,-123.986883,470.9,2,F,33,33,33,0.56,,1,1,1,0.02,Y,Y,Y,N,N,Y,Y,N,N,N,N,N,0,0,8121045,6,4
2016,5/22/2016 6:36,1,45.27605795,-124.5075448,412.3,1,F,32.5,32.5,32.5,0.64,,1,1,1,0.15,Y,Y,Y,N,N,Y,Y,N,N,N,N,Y,0,0,8007011,6,4
2016,7/1/2016 6:25,1,36.07681358,-121.6938849,573.9,2,F,32.5,32.5,32.5,0.54,,1,1,1,0.05,Y,Y,Y,N,N,Y,Y,N,N,N,N,N,0,0,20131107,6,4
2012,8/19/2012,2,45.33048125,-124.72884,522.8,1,f,32,32,32,0.5,19,1,1,1,0.2,Y,Y,Y,Y,Y,Y,N,N,N,N,N,N,0,0,2913,5,4
2012,6/29/2012,1,37.10840148,-122.7892639,518.4,2,f,32,32,32,0.5,59,1,1,1,0.15,Y,Y,Y,Y,Y,Y,N,N,N,N,N,N,0,0,2792,5,4
2012,7/4/2012,1,34.60685556,-120.9350464,489.1,2,f,32,32,32,0.56,59,1,1,1,0.1,Y,Y,Y,Y,Y,N,Y,N,N,N,N,N,0,0,2723,6,4
2012,7/3/2012,1,35.02146115,-121.1356959,551.2,2,f,32,32,32,0.48,54,1,1,1,0.05,Y,Y,Y,Y,Y,Y,N,N,N,N,N,N,0,0,2739,5,4
2012,8/19/2012,2,45.33048125,-124.72884,522.8,1,f,32,32,32,0.5,31,1,1,1,0.02,Y,Y,Y,Y,Y,Y,N,N,N,N,N,N,0,0,2902,5,4
2012,7/5/2012,1,34.7284353,-121.1789127,544.7,2,f,32,32,32,0.5,54,1,1,1,0.02,Y,Y,Y,Y,Y,Y,Y,N,N,N,N,N,0,0,2722,6,4
2012,7/1/2012,1,35.63737441,-121.418349,433.8,2,f,32,32,32,0.38,29,1,1,1,0.1,Y,Y,Y,N,N,N,Y,N,N,N,N,Y,0,1,2789,11,7
2012,6/4/2012,1,45.60369065,-124.6774138,412.1,1,f,32,32,32,0.46,30,1,0,0,0.1,Y,Y,Y,N,N,N,N,N,N,N,N,N,0,0,2494,3,2
2012,10/3/2012,2,35.17835115,-121.0538886,424.8,2,f,32,32,32,0.52,50,1,0,0,0.02,Y,Y,Y,N,N,N,N,N,N,N,N,N,0,0,3046,3,2
2013,5/25/2013,1,45.38069512,-124.6728558,434.1,1,f,32,32,32,0.6,,1,1,1,0.02,Y,Y,Y,N,N,N,Y,N,N,N,N,N,0,0,3525,6,4
2013,6/26/2013,1,39.07733285,-123.9862201,456.9,2,f,32,32,32,0.56,,1,1,1,0.01,Y,Y,Y,N,N,N,Y,Y,N,N,N,N,0,0,6154,7,5
2013,7/8/2013,1,34.45732318,-120.70676,371.6,2,f,32,32,32,0.48,,0,1,1,0.05,Y,Y,Y,N,N,N,N,N,N,N,N,Y,0,1,6064,11,7
2013,6/2/2013,1,45.12692383,-124.4828616,366.9,1,f,32,32,32,0.56,,1,1,1,0.05,Y,Y,Y,N,N,N,N,N,N,Y,Y,Y,1,0,3040,10,6
2014,6/12/2014,1,42.75502961,-124.8415509,486.6,1,f,32,32,32,0.5,,1,0,0,0.05,Y,Y,Y,N,N,N,N,N,N,N,N,N,0,0,8358,3,2
2015,10/5/2015 0:00,2,34.83919686,-121.2159245,549.46,2,f,32,32,32,0.5,,1,1,1,0.15,Y,Y,Y,Y,Y,N,N,N,N,N,N,N,0,0,11466,4.2,3
2015,7/7/2015 0:00,1,34.24693093,-120.5178465,500.23,2,f,32,32,32,0.48,,0,1,1,0.1,Y,Y,Y,Y,Y,Y,N,N,N,N,N,N,0,0,41261,5,4
2015,8/26/2015 0:00,2,47.56933721,-125.1048844,483.95,1,f,32,32,32,0.6,,1,1,1,0.15,Y,Y,Y,N,N,N,N,N,N,N,N,Y,0,1,11536,11,7
2015,10/12/2015 0:00,2,33.98578615,-120.5073275,449.57,2,f,32,32,32,0.46,,1,1,0,0.6,Y,Y,Y,Y,Y,Y,N,N,N,N,N,N,0,0,11626,5,4
2015,8/26/2015 0:00,2,47.56933721,-125.1048844,483.95,1,f,32,32,32,0.54,,1,1,0,0.5,Y,Y,Y,Y,Y,N,N,N,N,N,N,N,0,0,11482,4.2,3
2015,7/3/2015 0:00,1,36.16058313,-121.8307979,538.26,2,f,32,32,32,0.44,,1,1,0,0.01,Y,Y,Y,Y,N,N,N,N,N,N,N,N,0,0,11001,4.1,3
2016,6/8/2016 9:00,1,43.68461177,-124.6682683,406.2,1,F,31.5,31.5,31.5,0.54,,1,1,1,0.02,Y,Y,Y,N,N,Y,Y,Y,N,N,N,N,0,0,8074046,7,5
2016,5/24/2016 9:57,1,46.92808361,-125.0003865,407,1,F,31.5,31.5,31.5,0.58,,1,1,1,0.15,Y,Y,Y,N,N,N,N,N,Y,N,N,Y,0,1,20016025.4,11,7
2016,7/2/2016 6:24,1,35.86926826,-121.546159,405.3,2,F,31.5,31.5,31.5,0.56,,1,1,1,0.1,Y,Y,Y,N,N,N,N,N,N,N,N,Y,0,1,8148085,11,7
2012,9/17/2012,2,40.91514568,-124.4734278,385.4,1,f,31,31,31,0.48,26,1,1,1,0.2,Y,Y,Y,Y,Y,N,N,N,N,N,N,N,0,0,2402,4.2,3
2012,9/17/2012,2,40.76656508,-124.5151104,381.2,1,f,31,31,31,0.56,30,1,1,1,0.1,Y,Y,Y,Y,Y,N,N,N,N,N,N,N,0,0,2333,4.2,3
2012,9/14/2012,2,41.96435366,-124.61787,453.2,1,f,31,31,31,0.5,24,1,1,1,0.05,Y,Y,Y,Y,Y,Y,N,N,N,N,N,N,0,0,2803,5,4
2012,9/2/2012,2,44.41232972,-124.9700471,668.4,1,f,31,31,31,0.5,22,1,1,1,0.2,Y,Y,Y,N,N,N,N,N,N,N,N,Y,0,1,2908,11,7
2012,7/1/2012,1,35.93396677,-121.5740541,427.8,2,f,31,31,31,0.5,37,1,1,1,0.02,Y,Y,Y,N,N,N,N,N,N,Y,Y,Y,1,0,2711,10,6
2012,7/4/2012,1,34.60685556,-120.9350464,489.1,2,f,31,31,31,0.46,73,0,1,0,0.05,Y,Y,Y,Y,N,N,N,N,N,N,N,N,0,0,2777,4.1,3
2013,8/24/2013,2,45.33336964,-124.7066494,488.9,1,f,31,31,31,0.48,,1,1,1,0.04,Y,Y,Y,Y,Y,Y,N,N,N,N,N,N,0,0,6517,5,4
2013,7/3/2013,1,36.94066029,-122.4884016,525.6,2,f,31,31,31,0.5,,1,1,1,0.02,Y,Y,Y,Y,Y,Y,Y,N,N,N,N,N,0,0,6031,6,4
2013,8/24/2013,2,45.57147413,-124.6768005,432,1,f,31,31,31,0.46,,1,1,1,0.2,Y,Y,Y,N,N,Y,N,N,N,N,N,Y,0,1,6294,11,7
2014,7/6/2014,1,35.09219059,-121.4019449,503,2,f,31,31,31,0.44,,1,1,1,0.02,Y,Y,Y,Y,Y,Y,N,N,N,N,N,N,0,0,6781,5,4
2014,6/6/2014,1,45.31115804,-124.6349973,463.9,1,f,31,31,31,0.48,,1,1,1,0.01,Y,Y,Y,N,N,Y,Y,Y,N,N,N,N,0,0,6971,7,5
2014,7/14/2014,1,34.26628583,-120.5747675,508.3,2,f,31,31,31,0.52,,1,1,1,0.01,Y,Y,Y,Y,Y,Y,Y,N,N,N,N,N,0,0,8654,6,4
2014,9/26/2014,2,36.54976083,-122.0347192,515.1,2,f,31,31,31,0.54,,1,1,1,0,Y,Y,Y,N,N,N,Y,Y,N,N,N,N,0,0,6770,7,5
2014,6/7/2014,1,45.23380479,-124.4676537,407.5,1,f,31,31,31,0.58,,1,1,1,0.2,Y,Y,Y,Y,N,N,N,N,N,N,N,Y,0,1,6910,11,7
2014,6/6/2014,1,45.23713641,-124.5329401,434,1,f,31,31,31,0.54,,1,1,1,0,N,N,N,N,N,N,N,N,Y,Y,N,N,1,0,8349,9,6
2014,9/26/2014,2,36.54976083,-122.0347192,515.1,2,f,31,31,31,0.42,,0,1,0,0.02,Y,Y,Y,Y,N,N,N,N,N,N,N,N,0,0,6852,4.1,3
2014,7/14/2014,1,34.26628583,-120.5747675,508.3,2,f,31,31,31,0.48,,1,0,0,0.02,Y,Y,Y,N,N,N,N,N,N,N,N,N,0,0,8589,3,2
2015,7/3/2015 0:00,1,35.9943798,-121.6457569,519.85,2,f,31,31,31,0.48,,1,1,1,0.1,Y,Y,Y,Y,Y,N,N,N,N,N,N,N,0,0,11056,4.2,3
2015,10/2/2015 0:00,2,35.46813117,-121.3490171,553.02,2,f,31,31,31,0.5,,1,1,1,0.05,Y,Y,Y,Y,Y,Y,N,N,N,N,N,Y,0,0,12108,5,4
2015,10/12/2015 0:00,2,33.98578615,-120.5073275,449.57,2,f,31,31,31,0.48,,1,1,1,0.02,Y,Y,Y,N,N,Y,Y,N,N,N,N,N,0,0,11605,6,4
2015,10/2/2015 0:00,2,35.46813117,-121.3490171,553.02,2,f,31,31,31,0.48,,1,1,1,0.01,Y,Y,Y,N,N,Y,Y,N,N,N,N,N,0,0,12083,6,4
2015,10/2/2015 0:00,2,35.12927255,-121.4098559,539.74,2,f,31,31,31,0.5,,1,1,1,0.01,Y,Y,Y,N,N,Y,Y,Y,N,N,N,N,0,0,11815,7,5
2015,10/3/2015 0:00,2,35.09564194,-121.0743057,502.54,2,f,31,31,31,0.48,,1,1,1,0.01,Y,Y,Y,N,N,Y,Y,N,N,N,N,N,0,0,11516,6,4
2015,9/19/2015 0:00,2,40.14683707,-124.440584,521.45,2,f,31,31,31,0.48,,1,1,1,0.15,Y,Y,Y,Y,N,N,N,N,N,N,N,Y,0,1,12069,11,7
2015,7/5/2015 0:00,1,35.25919165,-121.109018,434.56,2,f,31,31,31,0.56,,1,1,1,0.15,Y,Y,Y,N,N,N,N,N,N,N,N,Y,0,1,11036,11,7
2015,7/5/2015 0:00,1,35.21353333,-121.0841825,448.62,2,f,31,31,31,0.44,,1,1,1,0.1,Y,Y,Y,N,N,N,N,N,N,N,N,Y,0,1,41181,11,7
2015,6/1/2015 0:00,1,44.99920667,-124.646335,463.95,1,f,31,31,31,0.58,,1,1,1,0,Y,Y,Y,N,N,N,N,N,Y,Y,N,N,1,0,11215,9,6
2016,6/29/2016 13:32,1,37.27513288,-122.9880787,534.1,2,F,30.5,30.5,30.5,0.42,,1,1,1,0.05,Y,Y,Y,Y,Y,Y,N,N,N,N,N,N,0,0,20124086,5,4
2016,7/1/2016 6:25,1,36.07681358,-121.6938849,573.9,2,F,30.5,30.5,30.5,0.42,,1,1,1,0.05,Y,Y,Y,Y,Y,Y,N,N,N,N,N,N,0,0,20131108,5,4
2016,7/1/2016 12:17,1,36.2297823,-122.0733217,623.8,2,F,30.5,30.5,30.5,0.44,,1,1,1,0.03,Y,Y,Y,N,N,Y,Y,N,N,N,N,Y,0,0,8146084,6,4
2016,6/11/2016 14:00,1,42.20012492,-124.6669927,462.2,1,F,30.5,30.5,30.5,0.42,,1,1,1,0.01,Y,Y,Y,Y,Y,Y,N,N,N,N,N,N,0,0,8090107,5,4
2016,7/14/2016 15:26,1,32.73278632,-120.0673052,513.8,2,F,30.5,30.5,30.5,0.48,,1,1,1,0.01,Y,Y,Y,N,N,N,Y,Y,N,N,N,N,0,0,20182063,7,5
2016,5/24/2016 13:32,1,47.20451491,-124.9630244,414.2,1,F,30.5,30.5,30.5,0.5,,1,1,1,0.01,Y,Y,Y,N,N,N,N,N,N,N,Y,Y,1,0,20017025.2,10,6
2012,7/4/2012,1,34.60685556,-120.9350464,489.1,2,f,30,30,30,0.5,54,1,1,1,0.15,Y,Y,Y,Y,Y,Y,N,N,N,N,N,N,0,0,2746,5,4
2012,7/3/2012,1,35.02146115,-121.1356959,551.2,2,f,30,30,30,0.36,25,1,1,1,0.05,Y,Y,Y,Y,Y,Y,Y,N,N,N,N,N,0,0,2737,6,4
2012,9/17/2012,2,40.76656508,-124.5151104,381.2,1,f,30,30,30,0.48,22,1,1,1,0.02,Y,Y,Y,Y,Y,N,N,N,N,N,N,N,0,0,2349,4.2,3
2012,5/24/2012,1,48.10733224,-125.7633945,452.9,1,f,30,30,30,0.52,19,1,1,1,0.01,Y,Y,N,N,N,N,Y,Y,N,N,N,N,0,0,2926,7,5
2012,9/14/2012,2,41.96435366,-124.61787,453.2,1,f,30,30,30,0.42,13,1,1,1,0.2,Y,Y,Y,N,N,N,Y,N,N,N,N,Y,0,1,2804,11,7
2012,7/1/2012,1,35.93396677,-121.5740541,427.8,2,f,30,30,30,0.42,59,1,1,1,0.2,Y,Y,Y,N,N,Y,N,N,N,N,N,Y,0,1,2756,11,7
2012,7/1/2012,1,35.63737441,-121.418349,433.8,2,f,30,30,30,0.4,38,1,1,1,0.2,Y,Y,Y,N,N,N,Y,N,N,N,N,Y,0,1,2747,11,7
2012,9/6/2012,2,43.58712672,-124.6801944,434.9,1,f,30,30,30,0.42,22,0,0,0,0.25,Y,Y,Y,N,N,N,N,N,N,N,N,N,0,0,2906,3,2
2013,7/3/2013,1,36.94066029,-122.4884016,525.6,2,f,30,30,30,0.5,,1,1,1,0.01,Y,Y,Y,Y,Y,Y,Y,N,N,N,N,N,0,0,6030,6,4
2013,7/7/2013,1,34.92329876,-121.0764174,433.1,2,f,30,30,30,0.4,,1,1,1,0.2,Y,Y,Y,N,N,N,N,N,N,N,N,Y,0,1,6067,11,7
2013,6/11/2013,1,43.62362273,-124.686251,451.4,1,f,30,30,30,0.46,,1,1,1,0.05,Y,Y,Y,N,N,N,N,N,N,N,N,Y,0,1,6190,11,7
2013,6/2/2013,1,45.12692383,-124.4828616,366.9,1,f,30,30,30,0.42,,1,1,1,0.02,N,N,N,N,N,N,N,N,N,Y,Y,Y,1,0,2411,10,6
2013,5/25/2013,1,45.38069512,-124.6728558,434.1,1,f,30,30,30,0.42,,1,1,0,0.9,Y,Y,Y,N,N,N,N,Y,Y,N,N,N,0,0,3458,8,5
2014,9/26/2014,2,36.54976083,-122.0347192,515.1,2,f,30,30,30,0.48,,1,1,1,0.02,Y,Y,Y,Y,Y,Y,N,N,N,N,N,N,0,0,6783,5,4
2014,9/29/2014,2,34.89628417,-121.0905625,527.9,2,f,30,30,30,0.44,,1,1,1,0.02,Y,Y,Y,N,N,N,Y,Y,N,N,N,N,0,0,6951,7,5
2014,9/26/2014,2,36.54976083,-122.0347192,515.1,2,f,30,30,30,0.48,,1,1,1,0.01,Y,Y,Y,Y,Y,Y,N,N,N,N,N,N,0,0,6925,5,4
2014,7/6/2014,1,35.12671646,-121.5266986,557.9,2,f,30,30,30,0.46,,1,1,1,0.01,Y,Y,Y,Y,Y,Y,Y,N,N,N,N,N,0,0,6679,6,4
2014,6/6/2014,1,45.31115804,-124.6349973,463.9,1,f,30,30,30,0.48,,1,1,1,0,Y,Y,Y,N,Y,N,Y,Y,N,N,N,N,0,0,6756,7,5
2014,7/5/2014,1,35.27571928,-121.1646408,476.3,2,f,30,30,30,0.44,,1,1,1,0.3,Y,Y,Y,N,N,N,N,N,N,N,N,Y,0,1,8437,11,7
2014,9/6/2014,2,44.83486143,-124.7909624,414.1,1,f,30,30,30,0.44,,1,1,1,0.02,Y,Y,Y,N,N,N,N,N,N,N,N,Y,0,1,8755,11,7
2014,9/6/2014,2,44.83486143,-124.7909624,414.1,1,f,30,30,30,0.44,,1,1,1,0.01,Y,Y,Y,N,N,N,N,N,N,N,N,Y,0,1,8747,11,7
2014,7/14/2014,1,33.87265258,-120.3279606,530.8,2,f,30,30,30,0.38,,1,0,0,0.2,Y,Y,Y,N,N,N,N,N,N,N,N,N,0,0,8415,3,2
2015,7/7/2015 0:00,1,34.24693093,-120.5178465,500.23,2,f,30,30,30,0.44,,1,1,1,0.15,Y,Y,Y,N,Y,Y,Y,N,N,N,N,N,0,0,41267,6,4
2015,10/5/2015 0:00,2,34.92525165,-121.0602796,437.74,2,f,30,30,30,0.4,,1,1,1,0.05,Y,Y,Y,N,N,Y,Y,N,N,N,N,N,0,0,11961,6,4
2015,6/6/2015 0:00,1,44.79712167,-124.86745,456.11,1,f,30,30,30,0.48,,1,1,1,0.02,Y,Y,Y,N,N,N,Y,Y,N,N,N,N,0,0,8762,7,5
2015,10/1/2015 0:00,2,35.60072238,-121.4343249,530.64,2,f,30,30,30,0.48,,1,1,1,0.01,Y,Y,Y,N,N,Y,Y,N,N,N,N,N,0,0,11441,6,4
2015,8/24/2015 0:00,2,46.63855944,-124.8094389,447.42,1,f,30,30,30,0.44,,1,1,1,0.1,Y,Y,Y,Y,N,N,N,N,N,N,N,Y,0,1,12171,11,7
2015,7/5/2015 0:00,1,34.78214603,-121.2552341,443.2,2,f,30,30,30,0.46,,1,1,1,0.1,Y,Y,Y,N,N,N,N,N,N,N,N,Y,0,1,11115,11,7
2015,8/23/2015 0:00,2,44.81809062,-124.7784689,415.38,1,f,30,30,30,0.48,,1,1,1,0.05,Y,Y,Y,N,N,N,N,N,N,N,N,Y,0,1,11772,11,7
2015,6/20/2015 0:00,1,41.26716083,-124.4343633,374.29,1,f,30,30,30,0.48,,1,1,1,0.05,Y,Y,Y,N,N,N,N,N,N,Y,Y,Y,1,0,8619,10,6
2016,7/12/2016 12:41,1,33.85409477,-120.2549249,508.6,2,F,30,30,30,0.46,,1,1,1,0.1,Y,Y,Y,Y,Y,N,N,N,N,N,N,N,0,0,20170045,4.2,3
2016,5/24/2016 13:32,1,47.20451491,-124.9630244,414.2,1,F,30,30,30,0.44,,1,1,1,0.02,Y,Y,Y,N,N,N,Y,Y,N,N,N,N,0,0,20017025.1,7,5
2016,6/30/2016 14:37,1,36.35424248,-122.1015791,445.1,2,F,30,30,30,0.44,,1,1,1,0.05,Y,Y,Y,N,N,N,N,N,N,N,N,Y,0,1,8141074,11,7
2016,5/21/2016 16:44,1,45.50928192,-124.6316128,454.4,1,F,29.5,29.5,29.5,0.44,,1,1,1,0.08,Y,Y,Y,N,N,Y,Y,Y,N,N,N,N,0,0,8004004,7,5
2016,5/22/2016 12:36,1,45.60301612,-124.5958263,374.7,1,F,29.5,29.5,29.5,0.44,,1,1,1,0.05,Y,Y,Y,N,N,Y,Y,N,N,N,N,N,0,0,20007016,6,4
2016,6/21/2016 15:38,1,39.03949343,-123.986883,470.9,2,F,29.5,29.5,29.5,0.52,,1,1,1,0.03,Y,Y,Y,N,N,Y,Y,N,N,N,N,N,0,0,8121044,6,4
2016,6/29/2016 13:32,1,37.27513288,-122.9880787,534.1,2,F,29.5,29.5,29.5,0.42,,1,1,1,0.02,Y,Y,Y,Y,Y,Y,N,N,N,N,N,N,0,0,20124087,5,4
2012,7/4/2012,1,34.60685556,-120.9350464,489.1,2,f,29,29,29,0.36,35,1,1,1,0.15,Y,Y,Y,Y,Y,Y,N,N,N,N,N,N,0,0,2735,5,4
2012,8/19/2012,2,45.33048125,-124.72884,522.8,1,f,29,29,29,0.42,22,1,1,1,0.1,Y,Y,Y,Y,Y,Y,N,N,N,N,N,N,0,0,2915,5,4
2012,8/19/2012,2,45.33048125,-124.72884,522.8,1,f,29,29,29,0.38,17,1,1,1,0.05,Y,Y,Y,Y,Y,Y,N,N,N,N,N,N,0,0,2914,5,4
2012,9/17/2012,2,40.76656508,-124.5151104,381.2,1,f,29,29,29,0.46,17,1,1,1,0.05,Y,Y,Y,Y,Y,N,N,N,N,N,N,N,0,0,2338,4.2,3
2012,7/4/2012,1,34.60685556,-120.9350464,489.1,2,f,29,29,29,0.4,63,1,1,1,0.05,Y,Y,Y,Y,Y,Y,N,N,N,N,N,N,0,0,2748,5,4
2012,7/3/2012,1,35.02146115,-121.1356959,551.2,2,f,29,29,29,0.38,32,1,1,1,0.02,Y,Y,Y,Y,N,N,Y,Y,N,N,N,N,0,0,2733,7,5
2012,7/4/2012,1,34.60685556,-120.9350464,489.1,2,f,29,29,29,0.38,25,1,1,1,0.02,Y,Y,Y,Y,Y,Y,Y,N,N,N,N,N,0,0,2778,6,4
2012,9/17/2012,2,40.91514568,-124.4734278,385.4,1,f,29,29,29,0.4,14,1,1,1,0.2,Y,Y,Y,N,N,N,N,N,N,N,N,N,0,1,2404,11,7
2012,7/3/2012,1,34.71975242,-120.9841594,419.2,2,f,29,29,29,0.36,59,1,1,1,0.05,Y,Y,Y,Y,N,N,N,N,N,N,N,Y,0,1,2730,11,7
2012,5/25/2012,1,47.86425832,-125.2980079,450.3,1,f,29,29,29,0.46,13,1,1,1,0.2,Y,Y,Y,N,N,Y,N,Y,Y,Y,N,Y,1,0,2493,9,6
2013,7/3/2013,1,36.94066029,-122.4884016,525.6,2,f,29,29,29,0.46,,1,1,1,0.05,Y,Y,Y,Y,Y,Y,N,N,N,N,N,N,0,0,6027,5,4
2013,6/26/2013,1,39.07733285,-123.9862201,456.9,2,f,29,29,29,0.44,,1,1,1,0,Y,Y,Y,N,N,N,Y,N,N,N,N,N,0,0,6096,6,4
2013,5/25/2013,1,45.38069512,-124.6728558,434.1,1,f,29,29,29,0.42,,1,1,1,0.15,Y,Y,Y,N,N,N,N,N,N,Y,N,Y,0,1,3492,11,7
2013,6/7/2013,1,44.90339318,-124.6936032,383.2,1,f,29,29,29,0.44,,1,1,1,0.02,Y,Y,Y,N,N,N,N,N,N,Y,Y,Y,1,0,3521,10,6
2014,9/27/2014,2,35.76714763,-121.510497,440.9,2,f,29,29,29,0.4,,1,1,1,0.02,Y,Y,Y,Y,Y,Y,N,N,N,N,N,N,0,0,6905,5,4
2014,9/29/2014,2,34.89540833,-121.2606833,532.3,2,f,29,29,29,0.36,,1,1,1,0.02,Y,Y,Y,Y,Y,Y,Y,N,N,N,N,N,0,0,6907,6,4
2014,9/29/2014,2,34.89540833,-121.2606833,532.3,2,f,29,29,29,0.42,,1,1,1,0.02,Y,Y,Y,N,N,Y,Y,N,N,N,N,N,0,0,6918,6,4
2014,7/14/2014,1,34.26628583,-120.5747675,508.3,2,f,29,29,29,0.38,,1,1,1,0.02,Y,Y,Y,N,N,N,Y,N,N,N,N,N,0,0,8696,6,4
2014,7/12/2014,1,34.36616396,-120.6968423,544.5,2,f,29,29,29,0.44,,1,1,1,0.01,Y,Y,Y,N,N,Y,Y,N,N,N,N,N,0,0,8322,6,4
2014,7/14/2014,1,34.26628583,-120.5747675,508.3,2,f,29,29,29,0.38,,1,1,1,0.01,Y,Y,Y,N,Y,Y,Y,N,N,N,N,N,0,0,8606,6,4
2014,8/31/2014,2,47.23082295,-124.9938405,421.4,1,f,29,29,29,0.46,,1,1,1,0.02,Y,Y,Y,N,N,N,N,N,N,N,N,Y,0,1,8533,11,7
2014,9/6/2014,2,44.83486143,-124.7909624,414.1,1,f,29,29,29,0.38,,1,0,0,0.3,Y,Y,Y,N,N,N,N,N,N,N,N,N,0,0,8748,3,2
2015,6/6/2015 0:00,1,44.79712167,-124.86745,456.11,1,f,29,29,29,0.48,,1,1,1,0.05,Y,Y,Y,N,N,Y,Y,Y,Y,N,N,Y,0,0,8763,8,5
2015,10/5/2015 0:00,2,34.83919686,-121.2159245,549.46,2,f,29,29,29,0.4,,1,1,1,0.05,Y,Y,Y,Y,Y,N,N,N,N,N,N,N,0,0,11468,4.2,3
2015,10/3/2015 0:00,2,35.1091877,-121.4864693,505.38,2,f,29,29,29,0.36,,1,1,1,0.02,Y,Y,Y,Y,Y,Y,Y,N,N,N,N,N,0,0,12093,6,4
2015,10/3/2015 0:00,2,35.1091877,-121.4864693,505.38,2,f,29,29,29,0.42,,1,1,1,0.01,Y,Y,Y,N,N,Y,Y,Y,N,N,N,N,0,0,12111,7,5
2015,8/22/2015 0:00,2,44.93373392,-124.5490016,426.75,1,f,29,29,29,0.4,,0,1,1,0.1,Y,Y,Y,N,N,N,N,N,N,N,N,N,0,0,12168,3,2
2015,5/23/2015 0:00,1,44.60632503,-124.882183,532.23,1,f,29,29,29,0.42,,1,1,1,0.15,Y,Y,Y,Y,N,N,N,N,N,N,N,Y,0,1,11188,11,7
2015,6/21/2015 0:00,1,39.77547291,-124.0964472,433.5,2,f,29,29,29,0.4,,1,1,1,0.15,Y,Y,Y,N,N,N,N,N,N,N,N,Y,0,1,11048,11,7
2015,8/24/2015 0:00,2,46.63855944,-124.8094389,447.42,1,f,29,29,29,0.42,,1,1,1,0.1,Y,Y,Y,N,N,N,N,N,N,N,N,Y,0,1,12160,11,7
2015,8/22/2015 0:00,2,44.93373392,-124.5490016,426.75,1,f,29,29,29,0.42,,1,1,1,0.1,Y,Y,Y,N,N,N,N,N,N,N,N,Y,0,1,12167,11,7
2015,6/18/2015 0:00,1,42.11778167,-124.649645,468.68,1,f,29,29,29,0.42,,1,1,1,0.05,Y,Y,Y,N,N,N,N,N,N,N,N,Y,0,1,11156,11,7
2015,5/28/2015 0:00,1,48.05285914,-125.3488645,454.61,1,f,29,29,29,0.4,,1,1,0,0.5,Y,Y,Y,Y,N,N,N,N,N,N,N,N,0,0,8918,4.1,3
2015,8/23/2015 0:00,2,45.00986633,-124.6939565,455.42,1,f,29,29,29,0.4,,1,1,0,0.3,Y,Y,Y,Y,Y,N,N,N,N,N,N,N,0,0,11782,4.2,3
2015,7/5/2015 0:00,1,35.21353333,-121.0841825,448.62,2,f,29,29,29,0.44,,0,1,0,0.25,Y,Y,Y,Y,N,N,N,N,N,N,N,N,0,0,41148,4.1,3
2015,6/24/2015 0:00,1,38.93898667,-124.0339492,510.82,2,f,29,29,29,0.34,,1,0,0,0.15,Y,Y,Y,N,N,N,N,N,N,N,N,N,0,0,11351,3,2
2016,7/12/2016 12:41,1,33.85409477,-120.2549249,508.6,2,F,29,29,29,0.38,,1,1,1,0.2,Y,Y,Y,Y,Y,N,N,N,N,N,N,N,0,0,20170044,4.2,3
2016,5/22/2016 9:46,1,45.56223145,-124.7072351,453.9,1,F,29,29,29,0.44,,1,1,1,0.05,Y,Y,Y,N,N,Y,Y,N,N,N,N,N,0,0,20006010,6,4
2016,6/18/2016 15:24,1,40.87542316,-124.4926998,447.4,1,F,28.5,28.5,28.5,0.38,,1,1,1,0.01,Y,Y,Y,N,N,Y,Y,Y,N,N,N,N,0,0,20101034,7,5
2016,6/29/2016 13:32,1,37.27513288,-122.9880787,534.1,2,F,28.5,28.5,28.5,0.38,,1,1,1,0.05,Y,Y,Y,Y,N,N,N,N,N,N,N,Y,0,1,20124085,11,7
2012,9/14/2012,2,41.96435366,-124.61787,453.2,1,f,28,28,28,0.42,18,1,1,1,0.05,Y,Y,Y,Y,Y,N,Y,N,N,N,N,N,0,0,2836,6,4
2012,9/28/2012,2,37.03460567,-122.6926592,474.1,2,f,28,28,28,0.36,41,1,1,1,0.05,Y,Y,Y,Y,Y,Y,N,N,N,N,N,N,0,0,2326,5,4
2012,9/28/2012,2,37.03460567,-122.6926592,474.1,2,f,28,28,28,0.36,48,1,1,1,0.02,Y,Y,Y,Y,Y,Y,Y,N,N,N,N,N,0,0,2335,6,4
2012,7/5/2012,1,34.8622409,-121.2966302,437.4,2,f,28,28,28,0.36,47,1,1,1,0.2,Y,Y,Y,N,N,N,N,N,N,N,N,Y,0,1,2995,11,7
2012,7/1/2012,1,35.93396677,-121.5740541,427.8,2,f,28,28,28,0.36,43,1,1,0,0.7,Y,Y,Y,N,N,N,N,N,N,N,N,Y,0,0,2762,3,2
2013,6/12/2013,1,43.41282423,-124.7181235,450.8,1,f,28,28,28,0.36,,1,1,1,0.2,Y,Y,Y,Y,Y,Y,Y,Y,N,N,N,N,0,0,6089,7,5
2013,6/26/2013,1,38.97314382,-124.0237486,534.9,2,f,28,28,28,0.36,,1,1,1,0.02,Y,Y,Y,Y,Y,Y,Y,N,N,N,N,N,0,0,6151,6,4
2013,6/26/2013,1,39.07733285,-123.9862201,456.9,2,f,28,28,28,0.38,,1,1,1,0.01,Y,Y,Y,N,N,N,Y,Y,N,N,N,N,0,0,6155,7,5
2013,6/7/2013,1,44.90339318,-124.6936032,383.2,1,f,28,28,28,0.36,,1,1,1,0.1,Y,Y,Y,N,N,N,N,N,N,N,N,Y,0,1,3514,11,7
2013,6/7/2013,1,44.90339318,-124.6936032,383.2,1,f,28,28,28,0.36,,1,1,1,0.1,Y,Y,Y,N,N,N,N,N,Y,Y,N,Y,1,0,3038,9,6
2013,6/2/2013,1,45.12692383,-124.4828616,366.9,1,f,28,28,28,0.38,,1,1,1,0.05,N,N,N,N,N,N,N,N,N,Y,Y,Y,1,0,3029,10,6
2014,9/6/2014,2,44.86554237,-124.8693339,424.8,1,f,28,28,28,0.36,,1,1,1,0.2,Y,Y,Y,Y,Y,N,N,N,N,N,N,N,0,0,8727,4.2,3
2014,8/24/2014,2,45.57503776,-124.6255564,425.9,1,f,28,28,28,0.36,,1,1,1,0.05,Y,Y,Y,Y,Y,N,N,N,N,N,N,N,0,0,8451,4.2,3
2014,9/27/2014,2,35.76714763,-121.510497,440.9,2,f,28,28,28,0.4,,1,1,1,0.02,Y,Y,Y,Y,Y,Y,N,N,N,N,N,N,0,0,6813,5,4
2014,7/6/2014,1,35.09219059,-121.4019449,503,2,f,28,28,28,0.36,,1,1,1,0.02,Y,Y,Y,Y,Y,Y,Y,N,N,N,N,N,0,0,6686,6,4
2014,9/26/2014,2,36.54976083,-122.0347192,515.1,2,f,28,28,28,0.32,,1,1,1,0.01,Y,Y,Y,Y,Y,Y,N,N,N,N,N,N,0,0,6694,5,4
2014,9/29/2014,2,34.89540833,-121.2606833,532.3,2,f,28,28,28,0.34,,1,1,1,0.01,Y,Y,Y,Y,Y,Y,Y,N,N,N,N,N,0,0,6946,6,4
2014,7/14/2014,1,34.26628583,-120.5747675,508.3,2,f,28,28,28,0.4,,1,1,1,0.01,Y,Y,Y,N,N,Y,Y,N,N,N,N,N,0,0,8702,6,4
2014,6/8/2014,1,44.87532786,-124.7262703,400,1,f,28,28,28,0.36,,1,1,1,0.2,Y,Y,Y,N,N,N,N,N,N,N,N,Y,0,1,6767,11,7
2014,9/6/2014,2,44.83486143,-124.7909624,414.1,1,f,28,28,28,0.36,,1,1,1,0.2,Y,Y,Y,N,N,N,N,N,N,N,N,Y,0,1,8740,11,7
2014,7/5/2014,1,35.27571928,-121.1646408,476.3,2,f,28,28,28,0.36,,1,1,1,0.2,Y,Y,Y,N,N,N,N,N,N,N,N,Y,0,1,8445,11,7
2014,5/31/2014,1,45.44067814,-124.5006458,430.5,1,f,28,28,28,0.38,,1,1,1,0.05,Y,Y,Y,N,N,N,N,N,N,Y,Y,Y,1,0,8355,10,6
2014,6/6/2014,1,45.31115804,-124.6349973,463.9,1,f,28,28,28,0.42,,1,1,0,0.5,Y,Y,Y,Y,Y,N,N,N,N,N,N,N,0,0,6760,4.2,3
2015,10/1/2015 0:00,2,35.59578053,-121.3938624,446.54,2,f,28,28,28,0.46,,1,1,1,0.05,Y,Y,Y,Y,Y,N,N,N,N,N,N,N,0,0,11425,4.2,3
2015,10/12/2015 0:00,2,33.98578615,-120.5073275,449.57,2,f,28,28,28,0.36,,1,1,1,0.05,Y,Y,Y,Y,Y,Y,N,N,N,N,N,N,0,0,11620,5,4
2015,9/29/2015 0:00,2,36.53558393,-122.0319479,477.77,2,f,28,28,28,0.36,,1,1,1,0.02,Y,Y,Y,Y,Y,N,N,N,N,N,N,N,0,0,11575,4.2,3
2015,7/7/2015 0:00,1,34.28365795,-120.4748511,443.64,2,f,28,28,28,0.36,,1,1,1,0.02,Y,Y,Y,N,N,Y,Y,N,N,N,N,N,0,0,41202,6,4
2015,6/22/2015 0:00,1,39.44882099,-124.00755,472.79,2,f,28,28,28,0.36,,1,1,1,0.01,Y,Y,Y,N,N,Y,Y,N,N,N,N,N,0,0,11690,6,4
2015,10/1/2015 0:00,2,35.60072238,-121.4343249,530.64,2,f,28,28,28,0.38,,1,1,1,0.01,Y,Y,Y,N,N,N,Y,Y,N,N,N,N,0,0,11767,7,5
2015,8/23/2015 0:00,2,45.00986633,-124.6939565,455.42,1,f,28,28,28,0.4,,1,1,1,0.3,Y,Y,Y,Y,N,N,N,N,N,N,N,Y,0,1,11805,11,7
2015,7/7/2015 0:00,1,34.28365795,-120.4748511,443.64,2,f,28,28,28,0.34,,1,1,0,0.2,Y,Y,Y,Y,N,N,N,N,N,N,N,N,0,0,41233,4.1,3
2015,7/5/2015 0:00,1,35.25919165,-121.109018,434.56,2,f,28,28,28,0.4,,0,1,0,0.3,Y,Y,Y,Y,N,N,N,N,N,N,N,N,0,0,11049,4.1,3
2015,7/5/2015 0:00,1,34.76335583,-121.29039,552.5,2,f,28,28,28,0.38,,0,0,0,0.15,Y,Y,Y,N,N,N,N,N,N,N,N,N,0,0,11107,3,2
2015,6/1/2015 0:00,1,45.1679974,-124.3932318,368.07,1,f,28,28,28,0.36,,1,0,0,0.05,Y,Y,Y,N,N,N,N,N,N,N, N,Y,0,1,9016,11,7
2016,5/21/2016 16:44,1,45.50928192,-124.6316128,454.4,1,F,28,28,28,0.32,,1,1,1,0.1,Y,Y,Y,Y,Y,N,N,N,N,N,N,N,0,0,8004005,4.2,3
2016,5/21/2016 18:09,1,45.5407908,-124.6689921,441.1,1,F,27.5,27.5,27.5,0.32,,1,1,1,0.2,Y,Y,Y,Y,Y,Y,N,N,N,N,N,N,0,0,8005008,5,4
2016,6/18/2016 15:24,1,40.87542316,-124.4926998,447.4,1,F,27.5,27.5,27.5,0.32,,1,1,1,0.03,Y,Y,Y,N,N,N,Y,Y,N,N,N,N,0,0,20101035,7,5
2016,6/21/2016 15:38,1,39.03949343,-123.986883,470.9,2,F,27.5,27.5,27.5,0.36,,1,1,1,0.01,Y,Y,Y,Y,Y,Y,N,N,N,N,N,Y,0,0,8121042,5,4
2016,6/29/2016 11:01,1,37.27703959,-122.9630357,469.9,2,F,27.5,27.5,27.5,0.34,,1,1,1,0.01,Y,Y,Y,N,N,Y,Y,N,N,N,N,Y,0,0,20123081,6,4
2016,6/29/2016 13:32,1,37.27513288,-122.9880787,534.1,2,F,27.5,27.5,27.5,0.34,,1,1,1,0.01,Y,Y,Y,Y,Y,N,N,N,N,N,N,N,0,0,20124088,4.2,3
2016,5/24/2016 9:57,1,46.92808361,-125.0003865,407,1,F,27.5,27.5,27.5,0.3,,1,0,0,0.25,Y,Y,Y,N,N,N,N,N,N,N,N,N,0,0,20016025.3,3,2
2012,8/19/2012,2,45.33048125,-124.72884,522.8,1,f,27,27,27,0.32,15,1,1,1,0.05,Y,Y,Y,Y,Y,Y,N,N,N,N,N,N,0,0,2901,5,4
2012,9/14/2012,2,41.96435366,-124.61787,453.2,1,f,27,27,27,0.34,16,1,1,1,0.05,Y,Y,Y,Y,Y,Y,N,N,N,N,N,N,0,0,2835,5,4
2012,7/4/2012,1,34.60685556,-120.9350464,489.1,2,f,27,27,27,0.28,26,1,1,1,0.02,Y,Y,Y,Y,Y,Y,N,N,N,N,N,N,0,0,2765,5,4
2012,7/5/2012,1,34.8622409,-121.2966302,437.4,2,f,27,27,27,0.26,40,1,1,1,0.2,Y,Y,Y,N,N,N,N,N,N,N,N,Y,0,1,2921,11,7
2012,6/21/2012,1,41.62848453,-124.5073995,356.8,1,f,27,27,27,0.34,32,1,1,1,0.1,Y,Y,Y,N,N,N,N,N,N,N,N,Y,0,1,2797,11,7
2012,9/28/2012,2,37.03460567,-122.6926592,474.1,2,f,27,27,27,0.32,19,1,1,1,0.1,Y,Y,Y,N,N,N,N,N,N,N,N,Y,0,1,2812,11,7
2012,7/1/2012,1,35.63737441,-121.418349,433.8,2,f,27,27,27,0.36,21,1,0,0,0.25,Y,Y,Y,N,N,N,N,N,N,N,N,N,0,0,2763,3,2
2013,9/6/2013,2,44.91822405,-124.7160579,409.5,1,f,27,27,27,0.34,,1,1,1,0.15,Y,Y,Y,Y,N,N,N,N,N,N,N,N,0,0,6292,4.1,3
2013,6/26/2013,1,39.07733285,-123.9862201,456.9,2,f,27,27,27,0.34,,1,1,1,0.01,Y,Y,Y,N,N,N,Y,Y,Y,N,N,N,0,0,6158,8,5
2013,6/7/2013,1,44.90339318,-124.6936032,383.2,1,f,27,27,27,0.34,,1,1,1,0.15,Y,Y,Y,N,N,N,N,N,N,N,N,Y,0,1,3518,11,7
2013,6/7/2013,1,44.96291745,-124.5101895,400.5,1,f,27,27,27,0.32,,1,1,1,0.1,Y,Y,Y,N,N,N,N,N,N,N,N,Y,0,1,3508,11,7
2013,6/7/2013,1,44.90339318,-124.6936032,383.2,1,f,27,27,27,0.34,,1,1,1,0.05,Y,Y,Y,N,N,N,N,N,N,N,N,Y,0,1,2429,11,7
2013,6/7/2013,1,44.90339318,-124.6936032,383.2,1,f,27,27,27,0.36,,1,1,1,0.1,Y,Y,Y,N,N,N,N,N,N,Y,Y,Y,1,0,3049,10,6
2013,6/2/2013,1,45.12692383,-124.4828616,366.9,1,f,27,27,27,0.3,,1,1,1,0,N,N,N,N,N,N,N,N,N,Y,Y,N,1,0,3037,10,6
2013,6/2/2013,1,45.12692383,-124.4828616,366.9,1,f,27,27,27,0.34,,1,1,1,0,Y,Y,N,N,N,N,N,N,N,Y,Y,Y,1,0,3058,10,6
2013,6/26/2013,1,39.07733285,-123.9862201,456.9,2,f,27,27,27,0.32,,1,0,0,0.02,Y,Y,Y,N,N,N,N,N,N,N,N,N,0,0,6152,3,2
2014,9/26/2014,2,36.54976083,-122.0347192,515.1,2,f,27,27,27,0.3,,1,1,1,0.01,Y,Y,Y,Y,Y,Y,N,N,N,N,N,N,0,0,6963,5,4
2014,6/18/2014,1,41.76655882,-124.5135271,392.4,1,f,27,27,27,0.3,,1,1,1,0.02,Y,Y,Y,N,N,N,N,N,N,N,N,Y,0,1,8600,11,7
2014,9/9/2014,2,43.8193775,-124.7097167,406,1,f,27,27,27,0.4,,1,0,0,0.3,Y,Y,Y,N,N,N,N,N,N,N,N,N,0,0,8276,3,2
2014,9/6/2014,2,44.86554237,-124.8693339,424.8,1,f,27,27,27,0.34,,1,0,0,0.02,Y,Y,Y,N,N,N,N,N,N,N,N,N,0,0,8726,3,2
2014,8/23/2014,2,44.83964792,-124.7219254,499,1,f,27,27,27,0.32,,1,0,0,0.01,Y,Y,Y,N,N,N,N,N,N,N,N,N,0,0,6873,3,2
2015,10/3/2015 0:00,2,35.09564194,-121.0743057,502.54,2,f,27,27,27,0.32,,1,1,1,0.1,Y,Y,Y,N,N,Y,Y,N,N,N,N,N,0,0,11549,6,4
2015,10/12/2015 0:00,2,33.98578615,-120.5073275,449.57,2,f,27,27,27,0.32,,1,1,1,0.05,Y,Y,Y,Y,Y,Y,N,N,N,N,N,N,0,0,11618,5,4
2015,7/2/2015 0:00,1,36.17614368,-121.8047437,453.2,2,f,27,27,27,0.34,,1,1,1,0.1,Y,Y,Y,N,N,N,N,N,N,N,N,Y,0,1,11295,11,7
2015,6/19/2015 0:00,1,41.81578167,-124.5206983,407.17,1,f,27,27,27,0.32,,1,1,1,0.05,Y,Y,Y,N,N,N,N,N,N,N,N,Y,0,1,8908,11,7
2015,5/24/2015 0:00,1,45.66635357,-124.7595966,471.72,1,f,27,27,27,0.36,,1,1,0,0.75,Y,Y,Y,N,N,N,Y,Y,N,N,N,N,0,0,11202,7,5
2015,6/1/2015 0:00,1,44.99920667,-124.646335,463.95,1,f,27,27,27,0.32,,1,1,0,0.6,Y,Y,Y,N,N,N,Y,Y,N,N,N,N,0,0,11233,7,5
2015,5/28/2015 0:00,1,47.58632162,-125.1113901,455.37,1,f,27,27,27,0.34,,1,1,0,0.3,Y,Y,Y,Y,N,N,N,N,N,N,N,N,0,0,11043,4.1,3
2015,8/28/2015 0:00,2,46.79696,-124.9067133,477.49,1,f,27,27,27,0.34,,1,1,0,0.2,Y,Y,Y,Y,N,N,N,N,N,N,N,N,0,0,11518,4.1,3
2015,7/2/2015 0:00,1,36.7966275,-122.20696,462.44,2,f,27,27,27,0.3,,1,0,0,0.3,Y,Y,Y,N,N,N,N,N,N,N,N,N,0,0,11116,3,2
2016,6/30/2016 14:37,1,36.35424248,-122.1015791,445.1,2,F,27,27,27,0.32,,0,1,1,0.01,Y,Y,Y,N,N,N,N,N,N,N,N,Y,0,1,8141075,11,7
2016,6/20/2016 15:27,1,39.33768527,-124.0068676,463.9,2,F,26.5,26.5,26.5,0.32,,1,1,1,0.01,Y,Y,Y,N,N,Y,Y,Y,N,N,N,N,0,0,20111055,7,5
2012,6/29/2012,1,37.10840148,-122.7892639,518.4,2,f,26,26,26,0.26,20,1,1,1,0.02,Y,Y,Y,N,N,N,Y,Y,N,N,N,N,0,0,2710,7,5
2012,7/4/2012,1,34.60685556,-120.9350464,489.1,2,f,26,26,26,0.28,41,1,1,1,0.02,Y,Y,Y,Y,Y,Y,N,N,N,N,N,N,0,0,2764,5,4
2012,6/23/2012,1,40.4522642,-124.6340745,495.5,1,f,26,26,26,0.28,17,1,1,0,0.05,Y,Y,Y,Y,N,N,N,N,N,N,N,N,0,0,2788,4.1,3
2012,6/24/2012,1,40.11927151,-124.3851879,498.9,2,f,26,26,26,0.28,13,1,1,0,0.05,Y,Y,Y,Y,N,N,N,N,N,N,N,N,0,0,2779,4.1,3
2012,9/17/2012,2,40.91514568,-124.4734278,385.4,1,f,26,26,26,0.26,13,0,1,0,0.05,Y,Y,Y,Y,N,N,N,N,N,N,N,N,0,0,2401,4.1,3
2012,9/2/2012,2,44.50917451,-124.9121836,451.5,1,f,26,26,26,0.3,13,1,0,0,0.3,Y,Y,Y,N,N,N,N,N,N,N,N,N,0,0,2991,3,2
2012,8/19/2012,2,45.4042875,-124.5311875,410.1,1,f,26,26,26,0.26,14,1,0,0,0.1,Y,Y,Y,N,N,N,N,N,N,N,N,N,0,0,2859,3,2
2012,9/6/2012,2,43.82364587,-124.7108209,400.4,1,f,26,26,26,0.32,13,0,0,0,0.2,Y,Y,Y,N,N,N,N,N,N,N,N,N,0,0,2979,3,2
2013,5/25/2013,1,45.38069512,-124.6728558,434.1,1,f,26,26,26,0.28,,1,1,1,0.05,Y,Y,Y,N,N,N,Y,Y,N,N,N,N,0,0,3526,7,5
2013,6/7/2013,1,44.90339318,-124.6936032,383.2,1,f,26,26,26,0.28,,1,1,1,0.1,Y,Y,Y,N,N,N,N,N,N,N,N,Y,0,1,3517,11,7
2013,6/7/2013,1,44.90339318,-124.6936032,383.2,1,f,26,26,26,0.28,,1,1,1,0.02,Y,Y,Y,N,N,N,N,N,N,N,N,Y,0,1,3024,11,7
2013,6/26/2013,1,39.07733285,-123.9862201,456.9,2,f,26,26,26,0.28,,1,1,0,0.05,Y,Y,Y,Y,N,N,N,N,N,N,N,N,0,0,6111,4.1,3
2014,9/29/2014,2,34.89540833,-121.2606833,532.3,2,f,26,26,26,0.26,,1,1,1,0.01,Y,Y,Y,Y,Y,Y,Y,N,N,N,N,N,0,0,8280,6,4
2014,7/5/2014,1,35.27571928,-121.1646408,476.3,2,f,26,26,26,0.3,,1,1,1,0.3,Y,Y,Y,N,N,N,N,N,N,N,N,Y,0,1,8462,11,7
2014,6/26/2014,1,37.44016571,-123.0524908,594.3,2,f,26,26,26,0.32,,1,0,0,0.02,Y,Y,Y,N,N,N,N,N,N,N,N,N,0,0,6834,3,2
2014,6/7/2014,1,45.23380479,-124.4676537,407.5,1,f,26,26,26,0.3,,1,0,0,0.01,Y,Y,Y,N,N,N,N,N,N,N,N,N,0,0,6969,3,2
2015,7/4/2015 0:00,1,34.97761333,-121.4760558,516.76,2,f,26,26,26,0.3,,1,1,1,0.2,Y,Y,Y,N,N,Y,Y,Y,Y,N,N,Y,0,0,41099,8,5
2015,10/1/2015 0:00,2,35.59578053,-121.3938624,446.54,2,f,26,26,26,0.32,,1,1,1,0.15,Y,Y,Y,Y,Y,Y,N,N,N,N,N,N,0,0,11435,5,4
2015,10/3/2015 0:00,2,35.1091877,-121.4864693,505.38,2,f,26,26,26,0.28,,1,1,1,0.05,Y,Y,Y,Y,Y,N,N,N,N,N,N,N,0,0,12081,4.2,3
2015,10/3/2015 0:00,2,35.1091877,-121.4864693,505.38,2,f,26,26,26,0.28,,1,1,1,0.05,Y,Y,Y,Y,Y,Y,N,N,N,N,N,N,0,0,12099,5,4
2015,10/5/2015 0:00,2,34.92525165,-121.0602796,437.74,2,f,26,26,26,0.3,,1,1,1,0.01,Y,Y,Y,Y,Y,Y,N,N,N,N,N,N,0,0,11948,5,4
2015,7/5/2015 0:00,1,34.76335583,-121.29039,552.5,2,f,26,26,26,0.28,,0,1,1,0.15,Y,Y,Y,N,N,N,N,N,N,N,N,Y,0,0,11160,3,2
2015,7/5/2015 0:00,1,34.78214603,-121.2552341,443.2,2,f,26,26,26,0.3,,1,1,1,0.1,Y,Y,Y,N,N,N,N,N,N,N,N,Y,0,1,11250,11,7
2015,9/4/2015 0:00,2,45.37642264,-124.6771829,439.28,1,f,26,26,26,0.26,,0,1,1,0.1,Y,Y,Y,Y,N,N,N,N,N,N,N,Y,0,1,11998,11,7
2015,8/28/2015 0:00,2,46.79696,-124.9067133,477.49,1,f,26,26,26,0.32,,1,1,0,0.05,Y,Y,Y,Y,N,N,N,N,N,N,N,N,0,0,11537,4.1,3
2015,7/1/2015 0:00,1,37.03061917,-122.6826275,445.89,2,f,26,26,26,0.34,,1,0,0,0.99,Y,Y,Y,N,N,N,N,N,N,N,N,N,0,0,11303,3,2
2015,5/28/2015 0:00,1,47.58632162,-125.1113901,455.37,1,f,26,26,26,0.28,,1,0,0,0.02,Y,Y,Y,N,N,N,N,N,N,N,N,N,0,0,11013,3,2
2015,6/1/2015 0:00,1,45.03861833,-124.69186,375.57,1,f,26,26,26,0.26,,0,0,0,0.1,Y,Y,Y,N,N,N,N,N,N,N,N,N,0,0,8725,3,2
2016,6/11/2016 14:00,1,42.20012492,-124.6669927,462.2,1,F,26,26,26,0.3,,1,1,0,0.9,Y,Y,Y,Y,Y,Y,N,N,N,N,N,N,0,0,8090105,5,4
2016,6/3/2016 14:47,1,44.85324335,-124.8244662,366,1,F,26,26,26,0.26,,1,1,0,0.15,Y,Y,Y,Y,N,N,N,N,N,N,N,N,0,0,20049005.1,4.1,3
2016,6/29/2016 11:01,1,37.27703959,-122.9630357,469.9,2,F,25.5,25.5,25.5,0.24,,1,1,1,0.05,Y,Y,Y,N,N,N,N,N,N,N,N,Y,0,1,20123080,11,7
2016,5/22/2016 9:46,1,45.56223145,-124.7072351,453.9,1,F,25.5,25.5,25.5,0.24,,1,1,0,0.5,Y,Y,Y,Y,N,N,N,N,N,N,N,N,0,0,20006007,4.1,3
2016,5/22/2016 9:46,1,45.56223145,-124.7072351,453.9,1,F,25.5,25.5,25.5,0.22,,1,1,0,0.5,Y,Y,Y,Y,N,N,N,N,N,N,N,N,0,0,20006009,4.1,3
2016,6/29/2016 6:47,1,37.47142858,-123.0312305,512.1,2,F,25.5,25.5,25.5,0.26,,1,0,0,0.01,Y,Y,Y,N,N,N,N,N,N,N,N,N,0,0,8130063,3,2
2012,7/5/2012,1,34.8622409,-121.2966302,437.4,2,f,25,25,25,0.2,21,1,1,1,0.2,Y,Y,Y,N,N,N,N,N,N,N,N,Y,0,1,2989,11,7
2012,7/3/2012,1,34.71975242,-120.9841594,419.2,2,f,25,25,25,0.24,24,1,1,1,0.15,Y,Y,Y,N,N,N,N,N,N,N,N,Y,0,1,2773,11,7
2013,9/6/2013,2,44.91822405,-124.7160579,409.5,1,f,25,25,25,0.28,,1,1,1,0.2,Y,Y,Y,Y,Y,N,N,N,N,N,N,N,0,0,6317,4.2,3
2013,7/3/2013,1,36.94066029,-122.4884016,525.6,2,f,25,25,25,0.26,,1,1,1,0.05,Y,Y,Y,Y,Y,Y,N,N,N,N,N,N,0,0,6071,5,4
2013,6/26/2013,1,39.07733285,-123.9862201,456.9,2,f,25,25,25,0.26,,1,1,1,0.02,Y,Y,Y,Y,Y,Y,Y,Y,N,N,N,N,0,0,6114,7,5
2013,6/2/2013,1,45.12692383,-124.4828616,366.9,1,f,25,25,25,0.3,,1,1,1,0,N,N,N,N,N,N,N,N,N,Y,Y,N,1,0,3035,10,6
2013,5/25/2013,1,45.38069512,-124.6728558,434.1,1,f,25,25,25,0.24,,1,0,0,0.2,Y,Y,Y,N,N,N,N,N,N,N,N,N,0,0,3469,3,2
2013,6/2/2013,1,45.12692383,-124.4828616,366.9,1,f,25,25,25,0.24,,1,0,0,0.01,Y,Y,Y,N,N,N,N,N,N,N,N,N,0,0,3032,3,2
2013,7/6/2013,1,35.604475,-121.369546,368.9,2,f,25,25,25,0.24,,0,0,0,0.5,Y,Y,Y,N,N,N,N,N,N,N,N,N,0,0,6009,3,2
2014,7/1/2014,1,37.30951516,-122.9227246,363,2,f,25,25,25,0.28,,1,1,1,0.05,Y,Y,Y,N,N,N,N,N,N,N,N,Y,0,1,8281,11,7
2014,7/1/2014,1,37.2800878,-122.9417445,416.7,2,f,25,25,25,0.26,,1,1,1,0.02,Y,Y,Y,N,N,N,N,N,N,N,N,Y,0,1,8427,11,7
2014,6/23/2014,1,39.41802973,-124.0109821,482.6,2,f,25,25,25,0.24,,1,1,0,0.4,Y,Y,Y,Y,Y,Y,N,N,N,N,N,N,0,0,6804,5,4
2014,6/6/2014,1,45.23713641,-124.5329401,434,1,f,25,25,25,0.28,,1,1,0,0.01,Y,Y,Y,Y,N,N,N,N,N,N,N,N,0,0,8346,4.1,3
2014,9/26/2014,2,36.54976083,-122.0347192,515.1,2,f,25,25,25,0.26,,0,1,0,0.05,Y,Y,Y,Y,N,N,N,N,N,N,N,N,0,0,6746,4.1,3
2014,6/11/2014,1,43.24840261,-124.7959536,397.3,1,f,25,25,25,0.24,,1,0,0,0.15,Y,Y,Y,N,N,N,N,N,N,N,N,N,0,0,8522,3,2
2015,6/19/2015 0:00,1,41.81578167,-124.5206983,407.17,1,f,25,25,25,0.3,,1,1,1,0.15,Y,Y,Y,N,N,N,N,N,N,N,N,Y,0,1,8598,11,7
2015,6/21/2015 0:00,1,39.77547291,-124.0964472,433.5,2,f,25,25,25,0.28,,1,1,1,0.15,Y,Y,Y,N,N,N,N,N,N,N,N,Y,0,1,11079,11,7
2015,6/19/2015 0:00,1,41.81578167,-124.5206983,407.17,1,f,25,25,25,0.26,,1,1,1,0.01,Y,Y,Y,N,N,N,N,N,N,N,N,Y,0,1,8457,11,7
2015,6/18/2015 0:00,1,42.11778167,-124.649645,468.68,1,f,25,25,25,0.26,,1,1,0,0.75,Y,Y,Y,Y,N,N,N,N,N,N,N,N,0,0,11092,4.1,3
2015,6/6/2015 0:00,1,44.70712794,-124.8049996,414.7,1,f,25,25,25,0.26,,1,1,0,0.5,Y,Y,Y,Y,N,N,N,N,N,N,N,N,0,0,8764,4.1,3
2015,7/4/2015 0:00,1,34.97761333,-121.4760558,516.76,2,f,25,25,25,0.26,,1,1,0,0.05,Y,Y,Y,Y,N,N,N,N,N,N,N,N,0,0,41093,4.1,3
2015,6/6/2015 0:00,1,44.70712794,-124.8049996,414.7,1,f,25,25,25,0.28,,1,0,0,0.15,Y,Y,Y,N,N,N,N,N,N,N,N,N,0,0,8832,3,2
2015,7/3/2015 0:00,1,35.9943798,-121.6457569,519.85,2,f,25,25,25,0.22,,1,0,0,0.01,Y,Y,Y,N,N,N,N,N,N,N,N,N,0,0,11030,3,2
2015,7/2/2015 0:00,1,36.17614368,-121.8047437,453.2,2,f,25,25,25,0.24,,0,0,0,0.3,Y,Y,Y,N,N,N,N,N,N,N,N,N,0,0,11357,3,2
2016,6/29/2016 6:47,1,37.47142858,-123.0312305,512.1,2,F,25,25,25,0.28,,1,1,0,0.7,Y,Y,Y,Y,N,N,N,N,N,N,N,N,0,0,8130064,4.1,3
2016,6/18/2016 19:23,1,40.56996468,-124.6992329,463.2,1,F,24.5,24.5,24.5,0.28,,1,1,1,0.05,Y,Y,Y,N,N,N,Y,N,N,N,N,Y,0,1,8107024,11,7
2012,8/19/2012,2,45.40675083,-124.5754329,390.1,1,f,24,24,24,0.22,9,1,1,1,0.2,Y,Y,Y,N,N,N,N,N,N,N,N,Y,0,1,2898,11,7
2012,7/5/2012,1,34.8622409,-121.2966302,437.4,2,f,24,24,24,0.22,14,1,1,1,0.2,Y,Y,Y,N,N,N,N,N,N,N,N,Y,0,1,2985,11,7
2012,7/5/2012,1,34.8622409,-121.2966302,437.4,2,f,24,24,24,0.2,17,1,1,1,0.2,Y,Y,Y,N,N,N,Y,N,N,N,N,Y,0,1,2994,11,7
2012,6/4/2012,1,45.60369065,-124.6774138,412.1,1,f,24,24,24,0.24,15,1,1,1,0.1,Y,Y,N,N,N,N,N,N,Y,Y,N,Y,1,0,2505,9,6
2012,6/29/2012,1,37.10840148,-122.7892639,518.4,2,f,24,24,24,0.2,10,1,1,0,0.5,Y,Y,Y,N,N,N,Y,Y,N,N,N,N,0,0,2791,7,5
2012,5/28/2012,1,46.08653052,-124.8224701,452,1,f,24,24,24,0.22,8,1,1,0,0.3,Y,Y,Y,Y,N,N,N,N,N,N,N,N,0,0,2501,4.1,3
2012,7/5/2012,1,34.7284353,-121.1789127,544.7,2,f,24,24,24,0.22,19,1,1,0,0.1,Y,Y,Y,Y,N,N,N,N,N,N,N,N,0,0,2998,4.1,3
2012,8/19/2012,2,45.4042875,-124.5311875,410.1,1,f,24,24,24,0.24,12,1,0,0,0.15,Y,Y,Y,N,N,N,N,N,N,N,N,N,0,0,2890,3,2
2012,6/22/2012,1,40.88857222,-124.4909711,440.7,1,f,24,24,24,0.22,11,1,0,0,0.15,Y,Y,Y,N,N,N,N,N,N,N,N,N,0,0,2759,3,2
2012,6/23/2012,1,40.4522642,-124.6340745,495.5,1,f,24,24,24,0.2,17,1,0,0,0.1,Y,Y,Y,N,N,N,N,N,N,N,N,N,0,0,2787,3,2
2012,5/28/2012,1,46.08653052,-124.8224701,452,1,f,24,24,24,0.2,11,1,0,0,0.05,Y,Y,Y,N,N,N,N,N,N,N,N,N,0,0,2281,3,2
2012,8/19/2012,2,45.40675083,-124.5754329,390.1,1,f,24,24,24,0.2,11,1,0,0,0.02,Y,Y,Y,N,N,N,N,N,N,N,N,N,0,0,2864,3,2
2012,6/22/2012,1,40.88857222,-124.4909711,440.7,1,f,24,24,24,0.2,23,1,0,0,0.01,Y,Y,Y,N,N,N,N,N,N,N,N,N,0,0,2719,3,2
2012,7/5/2012,1,34.8622409,-121.2966302,437.4,2,f,24,24,24,0.14,16,0,0,0,0.1,Y,Y,Y,N,N,N,N,N,N,N,N,N,0,0,2999,3,2
2013,7/6/2013,1,35.83624965,-121.5307786,420.1,2,f,24,24,24,0.24,,1,1,1,0.05,Y,Y,Y,N,N,N,N,N,N,N,N,Y,0,1,5993,11,7
2013,7/6/2013,1,35.604475,-121.369546,368.9,2,f,24,24,24,0.22,,0,1,1,0.6,Y,Y,Y,N,N,N,N,N,N,N,N,Y,0,1,6005,11,7
2013,6/7/2013,1,44.96291745,-124.5101895,400.5,1,f,24,24,24,0.22,,1,1,0,0.75,Y,Y,Y,Y,N,N,N,N,N,N,N,N,0,0,3507,4.1,3
2013,7/6/2013,1,35.604475,-121.369546,368.9,2,f,24,24,24,0.22,,1,0,0,0.3,Y,Y,Y,N,N,N,N,N,N,N,N,N,0,0,6065,3,2
2013,6/12/2013,1,43.41282423,-124.7181235,450.8,1,f,24,24,24,0.2,,1,0,0,0.02,Y,Y,Y,N,N,N,N,N,N,N,N,N,0,0,6097,3,2
2014,9/26/2014,2,36.54976083,-122.0347192,515.1,2,f,24,24,24,0.24,,1,1,0,0.05,Y,Y,Y,Y,N,N,N,N,N,N,N,N,0,0,6742,4.1,3
2014,6/23/2014,1,39.41802973,-124.0109821,482.6,2,f,24,24,24,0.22,,1,0,0,0.3,Y,Y,Y,N,N,N,N,N,N,N,N,N,0,0,6912,3,2
2014,6/18/2014,1,41.76655882,-124.5135271,392.4,1,f,24,24,24,0.2,,1,0,0,0.05,Y,Y,Y,N,N,N,N,N,N,N,N,N,0,0,8690,3,2
2014,7/2/2014,1,37.16071956,-122.8743407,439.1,2,f,24,24,24,0.2,,1,0,0,0.02,Y,Y,Y,N,N,N,N,N,N,N,N,N,0,0,6960,3,2
2014,9/29/2014,2,35.01982966,-121.4399853,446.8,2,f,24,24,24,0.2,,1,0,0,0.02,Y,Y,Y,N,N,N,N,N,N,N,N,N,0,0,6922,3,2
2014,6/8/2014,1,44.87532786,-124.7262703,400,1,f,24,24,24,0.2,,1,0,0,0.01,Y,Y,Y,N,N,N,N,N,N,N,N,N,0,0,8295,3,2
2014,7/6/2014,1,34.89912527,-121.2848929,471.4,2,f,24,24,24,0.22,,1,0,0,0.01,Y,Y,Y,N,N,N,N,N,N,N,N,N,0,0,8679,3,2
2015,10/12/2015 0:00,2,33.98578615,-120.5073275,449.57,2,f,24,24,24,0.2,,1,1,1,0.01,Y,Y,Y,N,N,Y,Y,N,N,N,N,N,0,0,11600,6,4
2015,10/5/2015 0:00,2,34.92525165,-121.0602796,437.74,2,f,24,24,24,0.24,,1,1,1,0.1,Y,Y,Y,N,N,N,N,N,N,N,N,Y,0,1,11959,11,7
2015,6/19/2015 0:00,1,41.81578167,-124.5206983,407.17,1,f,24,24,24,0.2,,1,1,1,0.05,Y,Y,Y,Y,N,N,N,N,N,N,N,Y,0,1,8477,11,7
2015,6/21/2015 0:00,1,39.77547291,-124.0964472,433.5,2,f,24,24,24,0.22,,1,1,1,0.05,Y,Y,Y,N,N,N,N,N,N,N,N,Y,0,1,11004,11,7
2015,6/21/2015 0:00,1,39.77547291,-124.0964472,433.5,2,f,24,24,24,0.2,,1,1,1,0.05,Y,Y,Y,N,N,N,N,N,N,N,N,Y,0,1,11018,11,7
2015,6/19/2015 0:00,1,41.81578167,-124.5206983,407.17,1,f,24,24,24,0.24,,1,1,1,0.02,Y,Y,Y,N,N,N,N,N,N,N,N,Y,0,1,8398,11,7
2015,6/21/2015 0:00,1,39.77547291,-124.0964472,433.5,2,f,24,24,24,0.26,,1,1,1,0.01,Y,Y,Y,N,N,N,N,N,N,N,N,Y,0,1,11034,11,7
2015,6/22/2015 0:00,1,39.44882099,-124.00755,472.79,2,f,24,24,24,0.22,,1,1,1,0.01,Y,Y,Y,N,N,N,N,N,N,N,Y,Y,1,0,11691,10,6
2015,8/24/2015 0:00,2,46.63855944,-124.8094389,447.42,1,f,24,24,24,0.24,,1,1,0,0.15,Y,Y,Y,Y,N,N,N,N,N,N,N,N,0,0,12182,4.1,3
2015,9/21/2015 0:00,2,39.37754172,-124.0071518,462.46,2,f,24,24,24,0.22,,1,0,0,0.01,Y,Y,Y,N,N,N,N,N,N,N,N,N,0,0,12204,3,2
2016,6/11/2016 14:00,1,42.20012492,-124.6669927,462.2,1,F,24,24,24,0.22,,1,1,0,0.3,Y,Y,Y,Y,N,N,N,N,N,N,N,N,0,0,8090106,4.1,3
2016,7/2/2016 8:48,1,35.59719018,-121.4121957,473.8,2,F,24,24,24,0.2,,1,1,0,0.25,Y,Y,Y,Y,N,N,N,N,N,N,N,N,0,0,20136117,4.1,3
2016,7/14/2016 15:26,1,32.73278632,-120.0673052,513.8,2,F,24,24,24,0.18,,1,1,0,0.2,Y,Y,Y,Y,N,N,N,N,N,N,N,N,0,0,20182065,4.1,3
2016,6/29/2016 11:01,1,37.27703959,-122.9630357,469.9,2,F,24,24,24,0.2,,1,0,0,0.05,Y,Y,Y,N,N,N,N,N,N,N,N,N,0,0,20123082,3,2
2016,7/14/2016 10:56,1,33.14705098,-120.3486287,530.4,2,F,24,24,24,0.22,,1,0,0,0.01,Y,Y,Y,N,N,N,N,N,N,N,N,N,0,0,20181058,3,2
2016,5/22/2016 6:36,1,45.27605795,-124.5075448,412.3,1,F,23.5,23.5,23.5,0.24,,1,1,1,0.1,Y,Y,Y,N,N,Y,N,N,N,N,N,Y,0,1,8007012,11,7
2016,6/20/2016 15:27,1,39.33768527,-124.0068676,463.9,2,F,23.5,23.5,23.5,0.2,,1,1,1,0.05,Y,Y,Y,N,N,N,N,N,N,N,N,Y,0,1,20111054,11,7
2016,5/21/2016 18:09,1,45.5407908,-124.6689921,441.1,1,F,23.5,23.5,23.5,0.24,,1,1,0,0.5,Y,Y,Y,Y,N,N,N,N,N,N,N,N,0,0,8005009,4.1,3
2016,5/22/2016 9:46,1,45.56223145,-124.7072351,453.9,1,F,23.5,23.5,23.5,0.22,,1,1,0,0.02,Y,Y,Y,Y,N,N,N,N,N,N,N,N,0,0,20006008,4.1,3
2016,6/8/2016 9:00,1,43.68461177,-124.6682683,406.2,1,F,23.5,23.5,23.5,0.22,,1,1,0,0.01,Y,Y,Y,Y,N,N,N,N,N,N,N,N,0,0,8074047,4.1,3
2016,6/29/2016 6:47,1,37.47142858,-123.0312305,512.1,2,F,23.5,23.5,23.5,0.2,,1,0,0,0.1,Y,Y,Y,N,N,N,N,N,N,N,N,N,0,0,8130066,3,2
2012,9/6/2012,2,43.58712672,-124.6801944,434.9,1,f,23,23,23,0.22,13,1,0,0,0.2,Y,Y,Y,N,N,N,N,N,N,N,N,N,0,0,2976,3,2
2012,7/3/2012,1,35.02146115,-121.1356959,551.2,2,f,23,23,23,0.18,13,1,0,0,0.1,Y,Y,Y,N,N,N,N,N,N,N,N,N,0,0,2731,3,2
2012,8/19/2012,2,45.40675083,-124.5754329,390.1,1,f,23,23,23,0.2,9,1,0,0,0.05,Y,Y,Y,N,N,N,N,N,N,N,N,N,0,0,2862,3,2
2012,9/17/2012,2,40.76656508,-124.5151104,381.2,1,f,23,23,23,0.2,10,1,0,0,0.02,Y,Y,Y,N,N,N,N,N,N,N,N,N,0,0,2334,3,2
2013,7/6/2013,1,35.604475,-121.369546,368.9,2,f,23,23,23,0.2,,1,1,1,0.2,Y,Y,Y,N,N,N,N,N,N,N,N,Y,0,1,6053,11,7
2013,6/26/2013,1,39.07733285,-123.9862201,456.9,2,f,23,23,23,0.22,,1,1,0,0.4,Y,Y,Y,Y,N,N,N,N,N,N,N,N,0,0,6110,4.1,3
2013,7/7/2013,1,34.92329876,-121.0764174,433.1,2,f,23,23,23,0.18,,1,1,0,0.05,Y,Y,Y,Y,N,N,N,N,N,N,N,N,0,0,6066,4.1,3
2013,6/2/2013,1,45.12692383,-124.4828616,366.9,1,f,23,23,23,0.18,,1,0,0,0.05,Y,Y,Y,N,N,N,N,N,N,N,N,N,0,0,3026,3,2
2013,6/2/2013,1,45.12692383,-124.4828616,366.9,1,f,23,23,23,0.2,,1,0,0,0.05,Y,Y,Y,N,N,N,N,N,N,N,N,N,0,0,3048,3,2
2013,7/6/2013,1,35.44742011,-121.2031531,349.6,2,f,23,23,23,0.2,,1,0,0,0.02,Y,Y,Y,N,N,N,N,N,N,N,N,N,0,0,6061,3,2
2014,9/29/2014,2,35.01982966,-121.4399853,446.8,2,f,23,23,23,0.22,,1,1,1,0.02,Y,Y,Y,Y,Y,Y,N,N,N,N,N,N,0,0,8254,5,4
2014,7/14/2014,1,34.26628583,-120.5747675,508.3,2,f,23,23,23,0.2,,1,1,1,0.02,Y,Y,Y,N,N,Y,Y,Y,N,N,N,N,0,0,8665,7,5
2014,7/1/2014,1,37.2800878,-122.9417445,416.7,2,f,23,23,23,0.18,,1,0,0,0.4,Y,Y,Y,N,N,N,N,N,N,N,N,N,0,0,8374,3,2
2014,6/8/2014,1,45.03222179,-124.522959,388.7,1,f,23,23,23,0.2,,1,0,0,0.15,Y,Y,Y,N,N,N,N,N,N,N,N,N,0,0,6884,3,2
2014,8/24/2014,2,45.57503776,-124.6255564,425.9,1,f,23,23,23,0.2,,1,0,0,0.02,Y,Y,Y,N,N,N,N,N,N,N,N,N,0,0,8467,3,2
2014,9/6/2014,2,44.86554237,-124.8693339,424.8,1,f,23,23,23,0.18,,1,0,0,0.01,Y,Y,Y,N,N,N,N,N,N,N,N,N,0,0,8734,3,2
2014,9/29/2014,2,35.01982966,-121.4399853,446.8,2,m,23,23,23,0.18,,1,0,0,0.01,Y,Y,Y,N,N,N,N,N,N,N,N,N,0,0,6807,3,2
2014,7/6/2014,1,35.09219059,-121.4019449,503,2,f,23,23,23,0.22,,0,0,0,0.15,Y,Y,Y,N,N,N,N,N,N,N,N,N,0,0,6809,3,2
2015,10/5/2015 0:00,2,34.83341921,-121.2918097,444.32,2,f,23,23,23,0.2,,1,1,1,0.02,Y,Y,Y,Y,Y,Y,N,N,N,N,N,N,0,0,11442,5,4
2015,6/19/2015 0:00,1,41.81578167,-124.5206983,407.17,1,f,23,23,23,0.24,,1,1,1,0.01,Y,Y,Y,Y,N,N,N,N,N,N,N,Y,0,1,8465,11,7
2015,7/5/2015 0:00,1,34.78214603,-121.2552341,443.2,2,f,23,23,23,0.18,,1,1,1,0.01,Y,Y,Y,N,N,N,N,N,N,N,N,Y,0,1,11267,11,7
2015,6/6/2015 0:00,1,44.70712794,-124.8049996,414.7,1,f,23,23,23,0.22,,1,0,0,0.3,Y,Y,Y,N,N,N,N,N,N,N,N,N,0,0,8987,3,2
2015,6/6/2015 0:00,1,45.00722302,-124.5498548,428.63,1,f,23,23,23,0.2,,1,0,0,0.2,Y,Y,Y,N,N,N,N,N,N,N,N,N,0,0,11158,3,2
2015,8/23/2015 0:00,2,44.81809062,-124.7784689,415.38,1,f,23,23,23,0.22,,1,0,0,0.05,Y,Y,Y,N,N,N,N,N,N,N,N,N,0,0,11789,3,2
2015,6/22/2015 0:00,1,39.44882099,-124.00755,472.79,2,f,23,23,23,0.18,,1,0,0,0.05,Y,Y,Y,N,N,N,N,N,N,N,N,N,0,0,11701,3,2
2015,7/4/2015 0:00,1,34.97761333,-121.4760558,516.76,2,f,23,23,23,0.18,,1,0,0,0.05,Y,Y,Y,N,N,N,N,N,N,N,N,N,0,0,41160,3,2
2015,6/6/2015 0:00,1,44.70712794,-124.8049996,414.7,1,f,23,23,23,0.18,,1,0,0,0.02,Y,Y,Y,N,N,N,N,N,N,N,N,N,0,0,8722,3,2
2015,7/2/2015 0:00,1,36.17614368,-121.8047437,453.2,2,f,23,23,23,0.2,,1,0,0,0.01,Y,Y,Y,N,N,N,N,N,N,N,N,N,0,0,11318,3,2
2016,6/21/2016 15:38,1,39.03949343,-123.986883,470.9,2,F,23,23,23,0.22,,1,1,1,0.1,Y,Y,Y,Y,Y,N,N,N,N,N,N,N,0,0,8121043,4.2,3
2016,6/29/2016 6:47,1,37.47142858,-123.0312305,512.1,2,F,23,23,23,0.16,,1,0,0,0.05,Y,Y,Y,Y,N,N,N,N,N,N,N,N,0,0,8130065,4.1,3
2016,6/29/2016 13:32,1,37.27513288,-122.9880787,534.1,2,F,23,23,23,0.2,,1,0,0,0.02,Y,Y,Y,N,N,N,N,N,N,N,N,N,0,0,20124089,3,2
2016,6/29/2016 11:01,1,37.27703959,-122.9630357,469.9,2,F,22.5,22.5,22.5,0.16,,0,1,1,0.2,Y,Y,Y,N,N,N,N,N,N,N,N,Y,0,0,20123083,3,2
2012,7/1/2012,1,35.63737441,-121.418349,433.8,2,f,22,22,22,0.2,8,1,1,1,0.1,Y,Y,Y,N,N,N,N,N,N,N,N,Y,0,1,2761,11,7
2012,10/14/2012,2,33.08481083,-118.7077925,490.6,2,f,22,22,22,0.14,13,1,0,0,0.1,Y,Y,Y,N,N,N,N,N,N,N,N,N,0,0,2432,3,2
2012,8/19/2012,2,45.4042875,-124.5311875,410.1,1,f,22,22,22,0.14,8,1,0,0,0.05,Y,Y,Y,N,N,N,N,N,N,N,N,N,0,0,2858,3,2
2012,7/3/2012,1,35.02146115,-121.1356959,551.2,2,f,22,22,22,0.16,14,1,0,0,0.05,Y,Y,Y,N,N,N,N,N,N,N,N,N,0,0,2790,3,2
2012,7/1/2012,1,35.93396677,-121.5740541,427.8,2,f,22,22,22,0.18,7,1,0,0,0.02,Y,Y,Y,N,N,N,N,N,N,N,N,N,0,0,4316,3,2
2012,10/14/2012,2,33.08481083,-118.7077925,490.6,2,f,22,22,22,0.16,14,1,0,0,0.02,Y,Y,Y,N,N,N,N,N,N,N,N,N,0,0,3042,3,2
2012,9/28/2012,2,37.03460567,-122.6926592,474.1,2,f,22,22,22,0.16,12,1,0,0,0.01,Y,Y,Y,N,N,N,N,N,N,N,N,N,0,0,2818,3,2
2012,10/10/2012,2,33.81778474,-120.1910723,465.6,2,f,22,22,22,0.16,16,1,0,0,0.01,Y,Y,Y,N,N,N,N,N,N,N,N,N,0,0,3025,3,2
2013,6/12/2013,1,43.41282423,-124.7181235,450.8,1,f,22,22,22,0.18,,1,1,0,0.02,Y,Y,Y,Y,N,N,N,N,N,N,N,N,0,0,6105,4.1,3
2013,7/7/2013,1,34.92329876,-121.0764174,433.1,2,f,22,22,22,0.14,,1,0,0,0.05,Y,Y,Y,N,N,N,N,N,N,N,N,N,0,0,6022,3,2
2014,9/6/2014,2,44.83486143,-124.7909624,414.1,1,f,22,22,22,0.18,,1,0,0,0.02,Y,Y,Y,N,N,N,N,N,N,N,N,N,0,0,8728,3,2
2014,6/11/2014,1,43.24840261,-124.7959536,397.3,1,f,22,22,22,0.16,,1,0,0,0.02,Y,Y,Y,N,N,N,N,N,N,N,N,N,0,0,8710,3,2
2014,6/6/2014,1,45.23713641,-124.5329401,434,1,f,22,22,22,0.18,,1,0,0,0.01,Y,Y,Y,N,N,N,N,N,N,N,N,N,0,0,8345,3,2
2014,6/8/2014,1,45.03222179,-124.522959,388.7,1,f,22,22,22,0.18,,1,0,0,0.01,Y,Y,Y,N,N,N,N,N,N,N,N,N,0,0,8314,3,2
2014,9/6/2014,2,44.86554237,-124.8693339,424.8,1,f,22,22,22,0.16,,1,0,0,0.01,Y,Y,Y,N,N,N,N,N,N,N,N,N,0,0,8735,3,2
2015,10/3/2015 0:00,2,35.09564194,-121.0743057,502.54,2,f,22,22,22,0.18,,1,1,1,0.15,Y,Y,Y,Y,Y,N,N,N,N,N,N,N,0,0,11594,4.2,3
2015,7/1/2015 0:00,1,37.2092764,-122.9034214,400.17,2,f,22,22,22,0.16,,1,1,1,0.05,Y,Y,Y,N,N,N,N,N,N,N,N,Y,0,1,11321,11,7
2015,9/13/2015 0:00,2,42.77053229,-124.759882,380.83,1,f,22,22,22,0.18,,1,1,0,0.1,Y,Y,Y,Y,N,N,N,N,N,N,N,N,0,0,11844,4.1,3
2015,9/21/2015 0:00,2,39.37754172,-124.0071518,462.46,2,f,22,22,22,0.16,,1,1,0,0.05,Y,Y,Y,Y,N,N,N,N,N,N,N,N,0,0,12161,4.1,3
2015,7/1/2015 0:00,1,37.2092764,-122.9034214,400.17,2,f,22,22,22,0.16,,1,1,0,0.05,Y,Y,Y,Y,N,N,N,N,N,N,N,N,0,0,11323,4.1,3
2015,8/24/2015 0:00,2,46.63855944,-124.8094389,447.42,1,f,22,22,22,0.16,,1,0,0,0.05,Y,Y,Y,N,N,N,N,N,N,N,N,N,0,0,12159,3,2
2015,6/20/2015 0:00,1,41.26716083,-124.4343633,374.29,1,f,22,22,22,0.16,,1,0,0,0.05,Y,Y,Y,N,N,N,N,N,N,N,N,N,0,0,8924,3,2
2015,6/1/2015 0:00,1,45.09751917,-124.6072008,413.4,1,f,22,22,22,0.18,,1,0,0,0.02,Y,Y,Y,N,N,N,N,N,N,N,N,N,0,0,8766,3,2
2015,6/19/2015 0:00,1,41.81578167,-124.5206983,407.17,1,f,22,22,22,0.18,,1,0,0,0.01,Y,Y,Y,N,N,N,N,N,N,N,N,N,0,0,8663,3,2
2015,7/16/2015 0:00,1,32.68939496,-118.4182662,459.6,2,f,22,22,22,0.14,,1,0,0,0.01,Y,Y,Y,N,N,N,N,N,N,N,N,N,0,0,11931,3,2
2016,6/8/2016 9:00,1,43.68461177,-124.6682683,406.2,1,F,22,22,22,0.16,,1,0,0,0.05,Y,Y,Y,N,N,N,N,N,N,N,N,N,0,0,8074048,3,2
2016,6/18/2016 19:23,1,40.56996468,-124.6992329,463.2,1,F,21.5,21.5,21.5,0.16,,1,0,0,0.2,Y,Y,Y,N,N,N,N,N,N,N,N,N,0,0,8107025,3,2
2016,5/22/2016 9:46,1,45.56223145,-124.7072351,453.9,1,F,21.5,21.5,21.5,0.14,,1,0,0,0.02,Y,Y,Y,N,N,N,N,N,N,N,N,N,0,0,20006011,3,2
2012,8/19/2012,2,45.33048125,-124.72884,522.8,1,f,21,21,21,0.14,10,1,0,0,0.15,Y,Y,Y,N,N,N,N,N,N,N,N,N,0,0,2878,3,2
2012,7/5/2012,1,34.7284353,-121.1789127,544.7,2,f,21,21,21,0.12,10,1,0,0,0.15,Y,Y,Y,N,N,N,N,N,N,N,N,N,0,0,2785,3,2
2012,9/6/2012,2,43.82364587,-124.7108209,400.4,1,f,21,21,21,0.14,8,1,0,0,0.1,Y,Y,Y,N,N,N,N,N,N,N,N,N,0,0,2841,3,2
2012,9/6/2012,2,43.58712672,-124.6801944,434.9,1,f,21,21,21,0.14,6,1,0,0,0.05,Y,Y,Y,N,N,N,N,N,N,N,N,N,0,0,2980,3,2
2012,7/5/2012,1,34.8622409,-121.2966302,437.4,2,f,21,21,21,0.12,12,1,0,0,0.02,Y,Y,Y,N,N,N,N,N,N,N,N,N,0,0,2988,3,2
2012,10/10/2012,2,33.81778474,-120.1910723,465.6,2,f,21,21,21,0.16,14,1,0,0,0.01,Y,Y,N,N,N,N,N,N,N,N,N,N,0,0,3033,2,1
2013,7/6/2013,1,35.83624965,-121.5307786,420.1,2,f,21,21,21,0.16,,1,0,0,0.2,Y,Y,Y,N,N,N,N,N,N,N,N,N,0,0,6045,3,2
2013,6/2/2013,1,45.1915393,-124.3940273,379.3,1,f,21,21,21,0.12,,1,0,0,0.05,Y,Y,Y,N,N,N,N,N,N,N,N,N,0,0,3057,3,2
2013,7/7/2013,1,34.92329876,-121.0764174,433.1,2,f,21,21,21,0.12,,1,0,0,0.05,Y,Y,Y,N,N,N,N,N,N,N,N,N,0,0,6019,3,2
2013,9/6/2013,2,44.81019146,-124.8476813,438.3,1,f,21,21,21,0.14,,1,0,0,0.02,Y,Y,Y,N,N,N,N,N,N,N,N,N,0,0,6323,3,2
2013,9/6/2013,2,44.81019146,-124.8476813,438.3,1,f,21,21,21,0.16,,1,0,0,0.01,Y,Y,Y,N,N,N,N,N,N,N,N,N,0,0,6288,3,2
2014,9/6/2014,2,44.83486143,-124.7909624,414.1,1,f,21,21,21,0.18,,1,0,0,0.02,Y,Y,Y,N,N,N,N,N,N,N,N,N,0,0,8744,3,2
2014,9/27/2014,2,35.76714763,-121.510497,440.9,2,f,21,21,21,0.12,,1,0,0,0.01,Y,Y,Y,N,N,N,N,N,N,N,N,N,0,0,6757,3,2
2015,7/2/2015 0:00,1,36.7966275,-122.20696,462.44,2,f,21,21,21,0.16,,1,1,0,0.2,Y,Y,Y,Y,N,N,N,N,N,N,N,N,0,0,11137,4.1,3
2015,7/5/2015 0:00,1,35.25919165,-121.109018,434.56,2,f,21,21,21,0.16,,1,0,0,0.15,Y,Y,Y,N,N,N,N,N,N,N,N,N,0,0,11063,3,2
2015,8/22/2015 0:00,2,44.64665333,-124.8538402,403.68,1,f,21,21,21,0.1,,1,0,0,0.05,Y,Y,Y,N,N,N,N,N,N,N,N,N,0,0,11736,3,2
2015,6/6/2015 0:00,1,44.70712794,-124.8049996,414.7,1,f,21,21,21,0.12,,1,0,0,0.01,Y,Y,Y,N,N,N,N,N,N,N,N,N,0,0,8930,3,2
2015,7/6/2015 0:00,1,34.84374538,-121.0533019,456.33,2,f,21,21,21,0.14,,1,0,0,0,Y,Y,Y,N,N,N,N,N,N,N,N,N,0,0,11170,3,2
2016,6/3/2016 14:47,1,44.85324335,-124.8244662,366,1,F,20.5,20.5,20.5,0.12,,1,0,0,0.02,Y,Y,Y,N,N,N,N,N,N,N,N,N,0,0,20049005.3,3,2
2016,7/2/2016 8:48,1,35.59719018,-121.4121957,473.8,2,F,20.5,20.5,20.5,0.12,,1,0,0,0.01,Y,Y,Y,N,N,N,N,N,N,N,N,Y,0,0,20136115,3,2
2012,8/19/2012,2,45.33048125,-124.72884,522.8,1,f,20,20,20,0.12,11,1,0,0,0.1,Y,Y,Y,N,N,N,N,N,N,N,N,N,0,0,2879,3,2
2012,9/2/2012,2,44.50917451,-124.9121836,451.5,1,f,20,20,20,0.12,8,1,0,0,0.05,Y,Y,Y,N,N,N,N,N,N,N,N,N,0,0,2992,3,2
2012,10/3/2012,2,35.17835115,-121.0538886,424.8,2,f,20,20,20,0.12,7,1,0,0,0.02,Y,Y,Y,N,N,N,N,N,N,N,N,N,0,0,2405,3,2
2012,8/19/2012,2,45.40675083,-124.5754329,390.1,1,f,20,20,20,0.12,7,1,0,0,0.01,Y,Y,Y,N,N,N,N,N,N,N,N,N,0,0,2857,3,2
2012,8/19/2012,2,45.40675083,-124.5754329,390.1,1,f,20,20,20,0.12,7,1,0,0,0.01,Y,Y,Y,N,N,N,N,N,N,N,N,N,0,0,2863,3,2
2012,9/2/2012,2,44.41232972,-124.9700471,668.4,1,f,20,20,20,0.12,10,1,0,0,0.01,Y,Y,Y,N,N,N,N,N,N,N,N,N,0,0,2981,3,2
2013,7/6/2013,1,35.83624965,-121.5307786,420.1,2,f,20,20,20,0.12,,1,0,0,0.05,Y,Y,Y,N,N,N,N,N,N,N,N,N,0,0,6049,3,2
2013,9/30/2013,1,37.27746439,-122.9643182,475.2,2,f,20,20,20,0.12,,1,0,0,0.01,Y,Y,Y,N,N,N,N,N,N,N,N,N,0,0,6481,3,2
2014,6/11/2014,1,43.24840261,-124.7959536,397.3,1,f,20,20,20,0.14,,1,0,0,0.02,Y,Y,Y,N,N,N,N,N,N,N,N,N,0,0,8472,3,2
2014,7/1/2014,1,37.30951516,-122.9227246,363,2,f,20,20,20,0.12,,1,0,0,0.02,Y,Y,Y,N,N,N,N,N,N,N,N,N,0,0,6838,3,2
2014,7/18/2014,1,32.6786284,-117.7828107,450.7,2,f,20,20,20,0.12,,1,0,0,0.01,Y,Y,Y,N,N,N,N,N,N,N,N,N,0,0,8672,3,2
2015,10/1/2015 0:00,2,35.59578053,-121.3938624,446.54,2,f,20,20,20,0.12,,1,1,0,0.1,Y,Y,Y,Y,N,N,N,N,N,N,N,N,0,0,11846,4.1,3
2015,10/5/2015 0:00,2,34.92525165,-121.0602796,437.74,2,f,20,20,20,0.14,,1,1,0,0.1,Y,Y,Y,Y,N,N,N,N,N,N,N,N,0,0,11558,4.1,3
2015,6/6/2015 0:00,1,44.70712794,-124.8049996,414.7,1,f,20,20,20,0.12,,1,0,0,0.1,Y,Y,Y,N,N,N,N,N,N,N,N,N,0,0,8737,3,2
2015,7/1/2015 0:00,1,37.2092764,-122.9034214,400.17,2,f,20,20,20,0.12,,1,0,0,0.05,Y,Y,Y,N,N,N,N,N,N,N,N,N,0,0,11302,3,2
2015,7/1/2015 0:00,1,37.03061917,-122.6826275,445.89,2,f,20,20,20,0.14,,1,0,0,0.02,Y,Y,Y,N,N,N,N,N,N,N,N,N,0,0,11285,3,2
2015,7/16/2015 0:00,1,32.68939496,-118.4182662,459.6,2,f,20,20,20,0.12,,1,0,0,0.02,Y,Y,Y,N,N,N,N,N,N,N,N,N,0,0,11907,3,2
2015,6/1/2015 0:00,1,45.1679974,-124.3932318,368.07,1,f,20,20,20,0.12,,1,0,0,0.01,Y,Y,Y,N,N,N,N,N,N,N,N,N,0,0,9023,3,2
2015,7/5/2015 0:00,1,35.28261652,-121.1689106,474.12,2,f,20,20,20,0.12,,1,0,0,0.01,Y,Y,Y,N,N,N,N,N,N,N,N,N,0,0,11024,3,2
2016,5/24/2016 9:57,1,46.92808361,-125.0003865,407,1,F,20,20,20,0.14,,1,0,0,0.1,Y,Y,Y,N,N,N,N,N,N,N,N,N,0,0,20016025.2,3,2
2016,7/14/2016 15:26,1,32.73278632,-120.0673052,513.8,2,F,19.5,19.5,19.5,0.1,,1,0,0,0.01,Y,Y,Y,N,N,N,N,N,N,N,N,N,0,0,20182064,3,2
2012,9/28/2012,2,37.03460567,-122.6926592,474.1,2,f,19,19,19,0.1,5,1,0,0,0.02,Y,Y,Y,N,N,N,N,N,N,N,N,N,0,0,2815,3,2
2012,9/28/2012,2,37.03460567,-122.6926592,474.1,2,f,19,19,19,0.1,6,1,0,0,0.02,Y,Y,Y,N,N,N,N,N,N,N,N,N,0,0,2816,3,2
2012,10/3/2012,2,35.17835115,-121.0538886,424.8,2,f,19,19,19,0.08,7,1,0,0,0.02,Y,Y,Y,N,N,N,N,N,N,N,N,N,0,0,2426,3,2
2012,7/5/2012,1,34.8622409,-121.2966302,437.4,2,f,19,19,19,0.1,8,1,0,0,0.02,Y,Y,Y,N,N,N,N,N,N,N,N,N,0,0,2986,3,2
2012,6/4/2012,1,45.60369065,-124.6774138,412.1,1,f,19,19,19,0.1,6,1,0,0,0.01,Y,Y,Y,N,N,N,N,N,N,N,N,N,0,0,2528,3,2
2013,8/24/2013,2,45.20298532,-124.6422968,368.6,1,f,19,19,19,0.1,,1,0,0,0.01,Y,Y,Y,N,N,N,N,N,N,N,N,N,0,0,6518,3,2
2014,7/1/2014,1,37.2800878,-122.9417445,416.7,2,f,19,19,19,0.1,,1,0,0,0.02,Y,Y,Y,N,N,N,N,N,N,N,N,N,0,0,8372,3,2
2014,7/5/2014,1,35.27571928,-121.1646408,476.3,2,f,19,19,19,0.12,,1,0,0,0.02,Y,Y,Y,N,N,N,N,N,N,N,N,N,0,0,8541,3,2
2014,7/14/2014,1,34.26628583,-120.5747675,508.3,2,f,19,19,19,0.1,,1,0,0,0.02,Y,Y,Y,N,N,N,N,N,N,N,N,N,0,0,8596,3,2
2014,10/13/2014,2,33.37177738,-117.9695591,459.5,2,f,19,19,19,0.1,,1,0,0,0.01,Y,Y,Y,N,N,N,N,N,N,N,N,N,0,0,8512,3,2
2015,6/21/2015 0:00,1,39.77547291,-124.0964472,433.5,2,f,19,19,19,0.12,,1,0,0,0.1,Y,Y,Y,N,N,N,N,N,N,N,N,N,0,0,11078,3,2
2015,7/6/2015 0:00,1,34.84374538,-121.0533019,456.33,2,f,19,19,19,0.14,,1,0,0,0.05,Y,Y,Y,N,N,N,N,N,N,N,N,N,0,0,11172,3,2
2015,7/1/2015 0:00,1,37.03061917,-122.6826275,445.89,2,f,19,19,19,0.12,,1,0,0,0.02,Y,Y,Y,N,N,N,N,N,N,N,N,N,0,0,11313,3,2
2015,6/1/2015 0:00,1,45.03861833,-124.69186,375.57,1,f,19,19,19,0.1,,1,0,0,0.01,Y,Y,Y,N,N,N,N,N,N,N,N,N,0,0,8741,3,2
2015,6/6/2015 0:00,1,44.70712794,-124.8049996,414.7,1,f,19,19,19,0.1,,1,0,0,0.01,Y,Y,Y,N,N,N,N,N,N,N,N,N,0,0,8828,3,2
2015,6/20/2015 0:00,1,41.26716083,-124.4343633,374.29,1,f,19,19,19,0.12,,1,0,0,0.01,Y,Y,Y,N,N,N,N,N,N,N,N,N,0,0,8380,3,2
2015,6/22/2015 0:00,1,39.44882099,-124.00755,472.79,2,f,19,19,19,0.14,,1,0,0,0.01,Y,Y,Y,N,N,N,N,N,N,N,N,N,0,0,11680,3,2
2015,9/21/2015 0:00,2,39.37754172,-124.0071518,462.46,2,f,19,19,19,0.1,,1,0,0,0.01,Y,Y,Y,N,N,N,N,N,N,N,N,N,0,0,12173,3,2
2015,10/13/2015 0:00,2,33.81655766,-120.1640828,446.2,2,f,19,19,19,0.1,,1,0,0,0.01,Y,Y,Y,N,N,N,N,N,N,N,N,N,0,0,11444,3,2
2016,7/2/2016 8:48,1,35.59719018,-121.4121957,473.8,2,F,19,19,19,0.1,,1,0,0,0.03,Y,Y,Y,N,N,N,N,N,N,N,N,N,0,0,20136116,3,2
2016,6/3/2016 14:47,1,44.85324335,-124.8244662,366,1,F,19,19,19,0.12,,1,0,0,0.02,Y,Y,Y,N,N,N,N,N,N,N,N,N,0,0,20049005.2,3,2
2016,7/14/2016 10:56,1,33.14705098,-120.3486287,530.4,2,F,18.5,18.5,18.5,0.08,,1,0,0,0.01,Y,Y,Y,N,N,N,N,N,N,N,N,N,0,0,20181057,3,2
2012,10/3/2012,2,35.17835115,-121.0538886,424.8,2,f,18,18,18,0.08,5,1,0,0,0.02,Y,Y,Y,N,N,N,N,N,N,N,N,N,0,0,2438,3,2
2012,7/3/2012,1,34.71975242,-120.9841594,419.2,2,f,18,18,18,0.08,6,1,0,0,0.02,Y,Y,Y,N,N,N,N,N,N,N,N,N,0,0,2774,3,2
2012,6/12/2012,1,43.0987782,-124.8871322,377.3,1,f,18,18,18,0.1,4,1,0,0,0.01,Y,Y,Y,N,N,N,N,N,N,N,N,N,0,0,2742,3,2
2012,7/3/2012,1,34.71975242,-120.9841594,419.2,2,f,18,18,18,0.08,6,1,0,0,0,Y,Y,Y,N,N,N,N,N,N,N,N,N,0,0,2736,3,2
2013,9/30/2013,2,37.27746439,-122.9643182,475.2,2,f,18,18,18,0.1,,1,0,0,0.02,Y,Y,Y,N,N,N,N,N,N,N,N,N,0,0,6206,3,2
2014,9/6/2014,2,44.86554237,-124.8693339,424.8,1,f,18,18,18,0.08,,1,0,0,0.01,Y,Y,Y,N,N,N,N,N,N,N,N,N,0,0,8756,3,2
2014,6/13/2014,1,43.25872877,-124.8875168,466.1,1,f,18,18,18,0.08,,1,0,0,0.01,Y,Y,Y,N,N,N,N,N,N,N,N,N,0,0,6952,3,2
2014,6/11/2014,1,43.24840261,-124.7959536,397.3,1,f,18,18,18,0.09,,1,0,0,0,Y,Y,Y,N,N,N,N,N,N,N,N,N,0,0,8557,3,2
2015,7/1/2015 0:00,1,37.03061917,-122.6826275,445.89,2,f,18,18,18,0.1,,1,1,0,0.05,Y,Y,Y,Y,N,N,N,N,N,N,N,N,0,0,11315,4.1,3
2015,6/21/2015 0:00,1,39.77547291,-124.0964472,433.5,2,f,18,18,18,0.08,,1,0,0,0.15,Y,Y,Y,N,N,N,N,N,N,N,N,N,0,0,11047,3,2
2015,6/6/2015 0:00,1,44.79712167,-124.86745,456.11,1,f,18,18,18,0.08,,1,0,0,0.05,Y,Y,Y,N,N,N,N,N,N,N,N,N,0,0,8736,3,2
2015,6/1/2015 0:00,1,45.1679974,-124.3932318,368.07,1,f,18,18,18,0.1,,1,0,0,0.01,Y,Y,Y,N,N,N,N,N,N,N,N,N,0,0,8992,3,2
2015,9/29/2015 0:00,2,36.53558393,-122.0319479,477.77,2,f,18,18,18,0.08,,1,0,0,0.01,Y,Y,Y,N,N,N,N,N,N,N,N,N,0,0,11595,3,2
2015,7/5/2015 0:00,1,35.21353333,-121.0841825,448.62,2,f,18,18,18,0.08,,1,0,0,0.01,Y,Y,Y,N,N,N,N,N,N,N,N,N,0,0,41152,3,2
2015,7/6/2015 0:00,1,34.81150314,-121.0543578,465.34,2,f,18,18,18,0.08,,1,0,0,0.01,Y,Y,Y,N,N,N,N,N,N,N,N,N,0,0,11630,3,2
2016,6/29/2016 11:01,1,37.27703959,-122.9630357,469.9,2,F,18,18,18,0.1,,1,0,0,0.01,Y,Y,Y,N,N,N,N,N,N,N,N,N,0,0,20123084,3,2
2016,6/30/2016 14:37,1,36.35424248,-122.1015791,445.1,2,F,17.5,17.5,17.5,0.08,,1,0,0,0.01,Y,Y,Y,N,N,N,N,N,N,N,N,Y,0,0,8141076,3,2
2012,7/3/2012,1,34.71975242,-120.9841594,419.2,2,f,17,17,17,0.06,7,1,0,0,0.01,Y,Y,Y,N,N,N,N,N,N,N,N,N,0,0,2732,3,2
2013,8/24/2013,2,45.20298532,-124.6422968,368.6,1,f,17,17,17,0.06,,1,0,0,0.01,Y,Y,Y,N,N,N,N,N,N,N,N,N,0,0,6397,3,2
2014,6/8/2014,1,45.03222179,-124.522959,388.7,1,f,17,17,17,0.08,,1,0,0,0.01,Y,Y,Y,N,N,N,N,N,N,N,N,N,0,0,8318,3,2
2014,7/1/2014,1,37.30951516,-122.9227246,363,2,f,17,17,17,0.08,,1,0,0,0,Y,Y,Y,N,N,N,N,N,N,N,N,N,0,0,6786,3,2
2014,10/11/2014,2,32.69279256,-118.4181972,426.3,2,f,17,17,17,0.06,,1,0,0,0,Y,Y,Y,N,N,N,N,N,N,N,N,N,0,0,8651,3,2
2015,6/21/2015 0:00,1,39.77547291,-124.0964472,433.5,2,f,17,17,17,0.08,,1,0,0,0.01,Y,Y,Y,N,N,N,N,N,N,N,N,N,0,0,11017,3,2
2015,7/5/2015 0:00,1,34.76335583,-121.29039,552.5,2,f,17,17,17,0.08,,1,0,0,0.01,Y,Y,Y,N,N,N,N,N,N,N,N,N,0,0,11130,3,2
2015,7/16/2015 0:00,1,32.68939496,-118.4182662,459.6,2,f,17,17,17,0.08,,1,0,0,0.01,Y,Y,Y,N,N,N,N,N,N,N,N,N,0,0,11929,3,2
2012,7/3/2012,1,34.71975242,-120.9841594,419.2,2,f,16,16,16,0.06,3,1,0,0,0.02,Y,Y,Y,N,N,N,N,N,N,N,N,N,0,0,2734,3,2
2012,7/3/2012,1,34.71975242,-120.9841594,419.2,2,f,16,16,16,0.06,6,1,0,0,0.01,Y,Y,Y,N,N,N,N,N,N,N,N,N,0,0,2729,3,2
2012,6/12/2012,1,43.0987782,-124.8871322,377.3,1,f,16,16,16,0.06,4,1,0,0,0,Y,Y,Y,N,N,N,N,N,N,N,N,N,0,0,2752,3,2
2012,7/3/2012,1,34.71975242,-120.9841594,419.2,2,f,16,16,16,0.06,8,1,0,0,0,Y,Y,Y,N,N,N,N,N,N,N,N,N,0,0,2745,3,2
2012,7/3/2012,1,34.71975242,-120.9841594,419.2,2,f,16,16,16,0.06,6,1,0,0,0,Y,Y,Y,N,N,N,N,N,N,N,N,N,0,0,2766,3,2
2013,8/24/2013,2,45.20298532,-124.6422968,368.6,1,f,16,16,16,0.06,,1,0,0,0.01,Y,Y,Y,N,N,N,N,N,N,N,N,N,0,0,6396,3,2
2014,10/11/2014,2,32.69279256,-118.4181972,426.3,2,f,16,16,16,0.06,,1,0,0,0.01,Y,Y,Y,N,N,N,N,N,N,N,N,N,0,0,8687,3,2
2014,10/13/2014,2,33.37177738,-117.9695591,459.5,2,f,16,16,16,0.06,,1,0,0,0,Y,Y,N,N,N,N,N,N,N,N,N,N,0,0,8485,2,1
2015,7/5/2015 0:00,1,35.25919165,-121.109018,434.56,2,f,16,16,16,0.06,,1,0,0,0.01,Y,Y,Y,N,N,N,N,N,N,N,N,N,0,0,11019,3,2
2016,5/24/2016 9:57,1,46.92808361,-125.0003865,407,1,F,16,16,16,0.04,,1,0,0,0,Y,Y,Y,N,N,N,N,N,N,N,N,N,0,0,20016025.1,3,2
2012,10/3/2012,2,35.17835115,-121.0538886,424.8,2,f,15,15,15,0.04,4,1,0,0,0,Y,Y,Y,N,N,N,N,N,N,N,N,N,0,0,2410,3,2
2014,10/10/2014,2,33.52479791,-118.7566832,389.3,2,f,15,15,15,0.04,,1,0,0,0.01,Y,Y,Y,N,N,N,N,N,N,N,N,N,0,0,8638,3,2
2014,10/10/2014,2,33.52479791,-118.7566832,389.3,2,f,15,15,15,0.04,,1,0,0,0,Y,Y,N,N,N,N,N,N,N,N,N,N,0,0,8666,2,1
2015,9/21/2015 0:00,2,39.37754172,-124.0071518,462.46,2,f,15,15,15,0.06,,1,0,0,0.01,Y,Y,Y,N,N,N,N,N,N,N,N,N,0,0,11557,3,2
2015,6/25/2015 0:00,1,38.37617667,-123.5867942,380.39,2,f,15,15,15,0.06,,1,0,0,0.01,Y,Y,Y,N,N,N,N,N,N,N,N,N,0,0,11335,3,2
2015,6/25/2015 0:00,1,38.37617667,-123.5867942,380.39,2,f,15,15,15,0.05,,1,0,0,0.01,Y,Y,Y,N,N,N,N,N,N,N,N,N,0,0,11336,3,2
2015,10/15/2015 0:00,2,32.80136506,-117.8522368,402.33,2,f,15,15,15,0.03,,1,0,0,0.01,Y,Y,Y,N,N,N,N,N,N,N,N,N,0,0,11995,3,2
2015,7/16/2015 0:00,1,32.68939496,-118.4182662,459.6,2,f,15,15,15,0.04,,1,0,0,0.01,Y,Y,Y,N,N,N,N,N,N,N,N,N,0,0,11860,3,2
2016,7/11/2016 12:57,1,34.12524585,-120.0661399,392.9,2,F,15,15,15,0.06,,1,0,0,0.02,Y,Y,Y,N,N,N,N,N,N,N,N,N,0,0,20164021,3,2
2016,7/2/2016 14:25,1,35.37943075,-121.2101536,390.3,2,F,15,15,15,0.04,,1,0,0,0.01,Y,Y,Y,N,N,N,N,N,N,N,N,N,0,0,20138121,3,2
2015,7/16/2015 0:00,1,32.68939496,-118.4182662,459.6,2,f,13,13,13,0.02,,1,0,0,0.01,Y,Y,Y,N,N,N,N,N,N,N,N,N,0,0,11836,3,2
2013,8/24/2013,2,45.20298532,-124.6422968,368.6,1,f,11,11,11,0.02,,1,0,0,0,Y,Y,Y,N,N,N,N,N,N,N,N,N,0,0,6298,3,2
,,,,,,,,,,,,19.09099425,,,,,,,,,,,,,,,,,,,,,
